publisher,rt_publisher_url,authors
AARP Movies for Grownups,https://www.rottentomatoes.com/critics/source/2401,
ABC4 Utah,https://www.rottentomatoes.com/critics/source/100011401,Patrick Beatty
ABC News,https://www.rottentomatoes.com/critics/source/3839,
ABC News (Australia),https://www.rottentomatoes.com/critics/source/2034,"Alexandra Heller-Nicholas, Jason Di Rosso, Keva York, Luke Goodsell, Marc Fennell, Stephen A. Russell"
ABC Radio (Australia),https://www.rottentomatoes.com/critics/source/2397,
About Boulder,https://www.rottentomatoes.com/critics/source/3167,Tim Brennan
Action Reloaded,https://www.rottentomatoes.com/critics/source/100009771,"Alonso Duralde, Alyse Wax, Matthew Turner"
Adam Does Movies (YouTube),https://www.rottentomatoes.com/critics/source/100009663,Adam Olinger
Afropunk,https://www.rottentomatoes.com/critics/source/100011553,Xero Gravity
Age of the Geek,https://www.rottentomatoes.com/critics/source/4014,Jana Monji
AIPT,https://www.rottentomatoes.com/critics/source/3716,Nathaniel Muir
Aisle Seat,https://www.rottentomatoes.com/critics/source/6,Mike McGranaghan
Akron Beacon Journal,https://www.rottentomatoes.com/critics/source/2404,"Chuck Klosterman, Clint O'Connor, David Bianculli, George M. Thomas, Rich Heldenfels, Tony Mastroianni"
Alachia Queen,https://www.rottentomatoes.com/critics/source/2924,Alachia Queen
Algo Más Que Cine,https://www.rottentomatoes.com/critics/source/100010324,Dionar Hidalgo
Alta Fidelidad Magazine,https://www.rottentomatoes.com/critics/source/3513,Fausto Ponce
Alternate Ending,https://www.rottentomatoes.com/critics/source/2856,Tim Brayton
Always Good Movies,https://www.rottentomatoes.com/critics/source/3379,Filipe Freitas
Amanda the Jedi,https://www.rottentomatoes.com/critics/source/4060,Amanda the Jedi
Amanda the Jedi (Youtube),https://www.rottentomatoes.com/critics/source/4017,Amanda the Jedi
AMFM Magazine,https://www.rottentomatoes.com/critics/source/3653,Paul Salfen
AMovieGuy.com,https://www.rottentomatoes.com/critics/source/3896,Leo Brady
Anatomy of a Scream Podcast Network,https://www.rottentomatoes.com/critics/source/3986,"Jenn Adams, Joe Lipsett, Sharai Bohannon"
AniMat's Review (YouTube),https://www.rottentomatoes.com/critics/source/100009579,Mat Brunet
Anime News Network,https://www.rottentomatoes.com/critics/source/853,"James Beckett, Lynzee Loveridge, Reuben Baron, Sam Leach, Steven Jones"
Anime UK News,https://www.rottentomatoes.com/critics/source/3333,"David Hogan, Ian Wolf"
Arizona Republic,https://www.rottentomatoes.com/critics/source/642,
Arkansas Democrat-Gazette,https://www.rottentomatoes.com/critics/source/1096,
ArtsATL,https://www.rottentomatoes.com/critics/source/2943,"Felicia Feaster, Steve Murray"
Arts Fuse,https://www.rottentomatoes.com/critics/source/2539,"Betsy Sherman, Cassidy Olsen, Erica Abeel, Gerald Peary, Isaac Feldberg, Peg Aloi, Peter Keough, Steve Erickson"
Asbury Park Press (NJ),https://www.rottentomatoes.com/critics/source/4050,Eleanor O'Sullivan
Asheville Movies,https://www.rottentomatoes.com/critics/source/3516,Edwin Arnaudin
Asian Movie Pulse,https://www.rottentomatoes.com/critics/source/3245,"Amarsanaa Battulga, Grace Han, Nathan Sartain, Olivia Popp, Panos Kotzathanasis, Renee Ng, Teresa Vena"
Assignment X,https://www.rottentomatoes.com/critics/source/3063,Abbie Bernstein
Associated Press,https://www.rottentomatoes.com/critics/source/531,
Asynchronous Media,https://www.rottentomatoes.com/critics/source/100009978,Christopher Cross
AtHomeInHollywood.com,https://www.rottentomatoes.com/critics/source/2604,Lisa Johnson Mandell
Atlanta Journal-Constitution,https://www.rottentomatoes.com/critics/source/23,
Attitude,https://www.rottentomatoes.com/critics/source/3239,"Emily Maskell, Joe Passmore"
Austin Burke/Flick Fan Nation,https://www.rottentomatoes.com/critics/source/3801,Austin Burke
Austin Chronicle,https://www.rottentomatoes.com/critics/source/28,
Australian Book Review,https://www.rottentomatoes.com/critics/source/2893,"Anwen Crawford, Debbie Zhou, Lauren Carroll Harris, Philippa Hawker, Tara Judah"
Auteurist Class (Substack),https://www.rottentomatoes.com/critics/source/100010143,Peter Sobczynski
Autostraddle,https://www.rottentomatoes.com/critics/source/1791,
AV Club,https://www.rottentomatoes.com/critics/source/833,
Awards Buzz,https://www.rottentomatoes.com/critics/source/100010078,"Abe Friedtanzer, Ashley Menzel, Scott Menzel, Stacey Yvonne"
Awards Daily,https://www.rottentomatoes.com/critics/source/3056,"Frank J. Avella, Jazz Tangcay, Joey Moser, Mark Johnson, Matthew Dougherty, Megan McLachlan, Zhuo-Ning Su"
Awards Radar,https://www.rottentomatoes.com/critics/source/3834,"Audrey Fox, Christopher James, Joey Magidson, Matthew Passantino, Maxance Vincent, Mitchell Beaupre, Shane Slater"
AwardsWatch,https://www.rottentomatoes.com/critics/source/3094,
AWFJ.org,https://www.rottentomatoes.com/critics/source/2237,
The Age (Australia),https://www.rottentomatoes.com/critics/source/2041,
The Arts Desk,https://www.rottentomatoes.com/critics/source/2602,
The Asian Cut,https://www.rottentomatoes.com/critics/source/100010098,
The Atlantic,https://www.rottentomatoes.com/critics/source/24,
The AU Review,https://www.rottentomatoes.com/critics/source/3188,"Doug Jamieson, Harris Dang, Peter Gray"
The Australian,https://www.rottentomatoes.com/critics/source/1964,
Baltimore Magazine,https://www.rottentomatoes.com/critics/source/2783,Max Weiss
Baltimore Sun,https://www.rottentomatoes.com/critics/source/36,
Bam Smack Pow,https://www.rottentomatoes.com/critics/source/100010333,Monita Roy Mohan
Bangkok Post,https://www.rottentomatoes.com/critics/source/1193,
Battle Royale With Cheese,https://www.rottentomatoes.com/critics/source/3042,
Battleship Pretension,https://www.rottentomatoes.com/critics/source/3090,
Bay Area Reporter,https://www.rottentomatoes.com/critics/source/826,
BBC.com,https://www.rottentomatoes.com/critics/source/52,
Beam from the Booth (Substack),https://www.rottentomatoes.com/critics/source/100011546,Joshua Polanski
Behind The Lens,https://www.rottentomatoes.com/critics/source/3211,Debbie Lynn Elias
Beverly Hills Courier,https://www.rottentomatoes.com/critics/source/100009672,Neely Swanson
Beyond the Cinerama Dome,https://www.rottentomatoes.com/critics/source/100009796,Tina Kakadelis
Beyond the Trailer,https://www.rottentomatoes.com/critics/source/3326,Grace Randolph
Big Easy Magazine,https://www.rottentomatoes.com/critics/source/3208,Bill Arceneaux
Big Gold Belt Media,https://www.rottentomatoes.com/critics/source/100009855,"Lucas Moore, Nadya Martinez, Nagier Chambers, Xero Gravity"
Big Picture Big Sound,https://www.rottentomatoes.com/critics/source/1878,"Joe Lozito, Matthew Passantino"
Black Catholic Messenger,https://www.rottentomatoes.com/critics/source/100010130,Nate Tinner-Williams
BlackFilmandTV.com,https://www.rottentomatoes.com/critics/source/3878,"Julian Roman, Wilson Morales"
Black Girl Nerds,https://www.rottentomatoes.com/critics/source/2810,
Black Girl Watching,https://www.rottentomatoes.com/critics/source/100009798,Brooke Obie
Black Nerd Comedy,https://www.rottentomatoes.com/critics/source/2963,Andre Meadows
Black Nerd Problems,https://www.rottentomatoes.com/critics/source/2986,
Bleeding Cool,https://www.rottentomatoes.com/critics/source/2333,"Bill Watters, Kaitlyn Booth"
Blerdy Massacre Podcast,https://www.rottentomatoes.com/critics/source/100009843,"Sharai Bohannon, Xero Gravity"
Bloody Awesome Movie Podcast,https://www.rottentomatoes.com/critics/source/100009743,Matt Hudson
Bloody Disgusting,https://www.rottentomatoes.com/critics/source/1667,"Alyse Wax, Bee Delores, BJ Colangelo, Brad Miska, Brian Juergens, Daniel Kurland, Dax Ebaben, Fred Topel, Jenn Adams, Joe Lipsett"
Bloody Good Horror (Podcast),https://www.rottentomatoes.com/critics/source/100011400,Rachel Shatto
Bloomberg News,https://www.rottentomatoes.com/critics/source/2504,
Blunt Magazine,https://www.rottentomatoes.com/critics/source/4009,Travis Johnson
Blu-ray.com,https://www.rottentomatoes.com/critics/source/2468,Brian Orndorf
Book & Film Globe,https://www.rottentomatoes.com/critics/source/3406,
Boston.com,https://www.rottentomatoes.com/critics/source/100009831,Kevin Slane
Boston Globe,https://www.rottentomatoes.com/critics/source/44,
Boston Hassle,https://www.rottentomatoes.com/critics/source/3535,"Anna Hoang, Joshua Polanski, Kyle Amato, Oscar Goff"
Boston Herald,https://www.rottentomatoes.com/critics/source/45,
Boston Movie News,https://www.rottentomatoes.com/critics/source/100009789,"Al Alexander, Dana Barbuto, James Verniere, Sarah Vincent"
Boston Phoenix,https://www.rottentomatoes.com/critics/source/46,
Boulder Weekly,https://www.rottentomatoes.com/critics/source/1527,"Michael J. Casey, Ryan Syrek, Thomas Delapa"
Bounding Into Comics,https://www.rottentomatoes.com/critics/source/3604,Chris Sawin
Bowling Green Daily News,https://www.rottentomatoes.com/critics/source/3193,Micheal Compton
Brandon Judell (Medium),https://www.rottentomatoes.com/critics/source/4002,Brandon Judell
Breakfast All Day,https://www.rottentomatoes.com/critics/source/3474,"Alonso Duralde, Ben Mankiewicz, Christy Lemire, Matt Atchity, Tim Grierson"
Brioux.tv,https://www.rottentomatoes.com/critics/source/2550,Bill Brioux
Broad Street Review,https://www.rottentomatoes.com/critics/source/3255,"Angela L. Harmon, Stephen Silver"
B-Sides & Badlands,https://www.rottentomatoes.com/critics/source/100010093,Bee Delores
Buffalo News,https://www.rottentomatoes.com/critics/source/2547,
Bullz-Eye.com,https://www.rottentomatoes.com/critics/source/1697,
Business Insider,https://www.rottentomatoes.com/critics/source/2877,"Caralynn Matassa, Carrie Wittmer, Jason Guerrasio, Joshua Rivera, Kirsten Acuna, Palmer Haasch"
Butler's Cinema Scene,https://www.rottentomatoes.com/critics/source/2595,Robert W. Butler
ButteredPopcorn,https://www.rottentomatoes.com/critics/source/100009578,Carson Timar
But Why Tho? A Geek Community,https://www.rottentomatoes.com/critics/source/3409,
The Baltimore Beat,https://www.rottentomatoes.com/critics/source/3529,Dominic Griffin
The Beat,https://www.rottentomatoes.com/critics/source/3378,"Carolyn Hinds, Edward Douglas, Hannah Lodge, Joelle Monique, Julian Lytle, Kay-B, Kyle Pinion, Samantha Puc, Therese Lacson"
The Black Cape (Medium),https://www.rottentomatoes.com/critics/source/100009630,Jonita Davis
The Blogging Banshee,https://www.rottentomatoes.com/critics/source/3143,Molly Henery
The Blu Spot,https://www.rottentomatoes.com/critics/source/2788,Jeff Beck
The Buffalo Hive,https://www.rottentomatoes.com/critics/source/100011541,M. Faust
The Bulwark,https://www.rottentomatoes.com/critics/source/3797,"Eve Tushnet, Sonny Bunch"
Caimán Cuadernos de Cine,https://www.rottentomatoes.com/critics/source/2779,
Cambridge Day,https://www.rottentomatoes.com/critics/source/2541,"Allyson Johnson, Asher Luberto, Oscar Goff, Sarah Vincent, Tom Meek"
Cape Cod Wave Magazine,https://www.rottentomatoes.com/critics/source/100009854,Tim Miller
"Capital Times (Madison, WI)",https://www.rottentomatoes.com/critics/source/1032,Rob Thomas
Casey's Movie Mania,https://www.rottentomatoes.com/critics/source/3688,Casey Chong
CathsFilmForum.com,https://www.rottentomatoes.com/critics/source/4006,Catherine Springer
Caution Spoilers,https://www.rottentomatoes.com/critics/source/3228,Sarah Cartland
CBC News,https://www.rottentomatoes.com/critics/source/1658,"Eli Glasner, Jackson Weaver, Jason Anderson, Stephen Cole"
CBC News Network,https://www.rottentomatoes.com/critics/source/2931,"Eli Glasner, Jackson Weaver"
CBC Radio,https://www.rottentomatoes.com/critics/source/2932,"Eli Glasner, Jackson Weaver, Jason Gorber, Rachel Ho, Radheyan Simonpillai, Vladimir Jean-Gilles"
CBR,https://www.rottentomatoes.com/critics/source/1741,
Certified Forgotten,https://www.rottentomatoes.com/critics/source/3922,"Jenny Nulf, Jessica Scott, Matt Donato, Matthew Monagle, Siddhant Adlakha, Valerie Ettenhofer"
CGMagazine,https://www.rottentomatoes.com/critics/source/3897,"Andrea Thompson, Lindsay Traves, Ridge Harripersad, Shakyl Lambert"
Channel24 (South Africa),https://www.rottentomatoes.com/critics/source/2737,"Gabi Zietsman, Grethe Kemp, Ilan Preskovsky, Phumlani S Langa, Rhodé Marshall"
Channel Awesome,https://www.rottentomatoes.com/critics/source/3742,Doug Walker
Charlotte Observer,https://www.rottentomatoes.com/critics/source/488,
Chicago Daily Herald,https://www.rottentomatoes.com/critics/source/1961,"Dann Gire, Jeff Bayer"
Chicago Reader,https://www.rottentomatoes.com/critics/source/66,
Chicago Sun-Times,https://www.rottentomatoes.com/critics/source/67,
Chicago Tribune,https://www.rottentomatoes.com/critics/source/68,
Christianity Today,https://www.rottentomatoes.com/critics/source/1229,
Christian Science Monitor,https://www.rottentomatoes.com/critics/source/71,
Cinapse,https://www.rottentomatoes.com/critics/source/3217,"Dan Tabor, Ed Travis, Julian Singleton, Matthew Jackson, Mel Valentin"
Cinefilia,https://www.rottentomatoes.com/critics/source/3731,Yasser Medina
Cinéfilo Serial,https://www.rottentomatoes.com/critics/source/100010323,"Leandro Ariel Porcelli, Samantha Schuster"
Cinegarage,https://www.rottentomatoes.com/critics/source/2620,Erick Estrada
CineGods.com,https://www.rottentomatoes.com/critics/source/2914,"Luke Y. Thompson, Mark Keizer, Ray Greene, Tim Cogshell, Wade Major"
Cinema Axis,https://www.rottentomatoes.com/critics/source/3296,"Ashlee Blackwell, Barbara Goslawski, Carolyn Mauricette, Courtney Small"
CinemaBlend,https://www.rottentomatoes.com/critics/source/1108,
Cinema Crazed,https://www.rottentomatoes.com/critics/source/1879,"Emilie Black, Felix Vasquez Jr., Phil Hall"
Cinemacy,https://www.rottentomatoes.com/critics/source/3022,Morgan Rojas
Cinema Daily US,https://www.rottentomatoes.com/critics/source/100010086,"Abe Friedtanzer, Edward Douglas"
CinemaDebate,https://www.rottentomatoes.com/critics/source/3319,"Britany Murphy, Sheraz Farooqi"
Cinema Ecuador,https://www.rottentomatoes.com/critics/source/3322,Julio Fernando Navas
Cinema Elite,https://www.rottentomatoes.com/critics/source/100010101,Ankit Ojha
Cinema em Cena,https://www.rottentomatoes.com/critics/source/1007,Pablo Villaça
Cinema Escapist,https://www.rottentomatoes.com/critics/source/3494,"Anthony Kao, Richard Yu"
Cinemaholics,https://www.rottentomatoes.com/critics/source/4001,Jon Negroni
Cinemalogue,https://www.rottentomatoes.com/critics/source/1731,"Rubin Safaya, Todd Jorgenson"
Cinemanía (Spain),https://www.rottentomatoes.com/critics/source/2689,
Cinemania World Podcast,https://www.rottentomatoes.com/critics/source/100009613,Josie Meléndez
Cinema Sight,https://www.rottentomatoes.com/critics/source/349,Wesley Lovell
Cinemasters,https://www.rottentomatoes.com/critics/source/100011391,Rua Fay
Cinematic Words of a Chaotic Gemini (Substack),https://www.rottentomatoes.com/critics/source/100009705,Matthew St. Clair
Cinematismo,https://www.rottentomatoes.com/critics/source/3182,Guillem Martinez Oya
CineMovie.tv,https://www.rottentomatoes.com/critics/source/3958,Lupe Rodriguez Haas
Cinencuentro,https://www.rottentomatoes.com/critics/source/2705,
Cinephile Hissy Fit Podcast,https://www.rottentomatoes.com/critics/source/4073,Don Shanahan
Cine Premiere,https://www.rottentomatoes.com/critics/source/2619,
Cinerama Film,https://www.rottentomatoes.com/critics/source/100009766,"Calum Cooper, Latoya Austin"
Cine Sin Fronteras,https://www.rottentomatoes.com/critics/source/3308,Rene Sanchez
Cineuropa,https://www.rottentomatoes.com/critics/source/1902,"Amarsanaa Battulga, Boyd van Hoeij, Elena Lazic, Grace Han, Kaleem Aftab, Laurence Boyce, Manuela Lazic, Olivia Popp, Savina Petkova, Teresa Vena"
CineVue,https://www.rottentomatoes.com/critics/source/2471,
CineWomen,https://www.rottentomatoes.com/critics/source/3880,Annlee Ellingson
Cinexcepción,https://www.rottentomatoes.com/critics/source/2708,Hugo Hernández Valdivia
CineXpress,https://www.rottentomatoes.com/critics/source/2767,Fico Cangiano
City AM,https://www.rottentomatoes.com/critics/source/100009556,Victoria Luxford
Clapper,https://www.rottentomatoes.com/critics/source/100009580,Carson Timar
ClapperCast,https://www.rottentomatoes.com/critics/source/100009582,Carson Timar
Clarín,https://www.rottentomatoes.com/critics/source/2677,
Clash Magazine,https://www.rottentomatoes.com/critics/source/100011543,Victoria Luxford
Cleveland Plain Dealer,https://www.rottentomatoes.com/critics/source/2115,
CNET,https://www.rottentomatoes.com/critics/source/892,
Cocalecas,https://www.rottentomatoes.com/critics/source/2824,Ruben Peralta Rigaud
Cody Leach (YouTube),https://www.rottentomatoes.com/critics/source/100009680,Cody Leach
ColeSmithey.com,https://www.rottentomatoes.com/critics/source/1702,Cole Smithey
College Movie Review,https://www.rottentomatoes.com/critics/source/4044,Kip Mooney
Collider,https://www.rottentomatoes.com/critics/source/1982,
Combustible Celluloid,https://www.rottentomatoes.com/critics/source/96,"Jeffrey M. Anderson, Rob Blackwelder"
ComicBook.com,https://www.rottentomatoes.com/critics/source/3407,
ComicBookMovie.com,https://www.rottentomatoes.com/critics/source/1778,"Josh Wilding, Mark Cassidy, Rohan Patel"
ComingSoon.net,https://www.rottentomatoes.com/critics/source/982,
Commentary Track (Ghost.io),https://www.rottentomatoes.com/critics/source/100011561,Matt Goldberg
Common Sense Media,https://www.rottentomatoes.com/critics/source/1682,
Concrete Playground,https://www.rottentomatoes.com/critics/source/2298,
Confessions From A Geek Mind,https://www.rottentomatoes.com/critics/source/3739,Kelechi Ehenulo
Consequence,https://www.rottentomatoes.com/critics/source/2610,
Cool Girl Critiques,https://www.rottentomatoes.com/critics/source/100009858,Alicia Gilstorf
"Cool People Have Feelings, Too. (Substack)",https://www.rottentomatoes.com/critics/source/100010063,Marya E. Gates
Copley News Service,https://www.rottentomatoes.com/critics/source/3381,David Elliott
Council of Geeks,https://www.rottentomatoes.com/critics/source/3618,Vera Wylde
Cowboys & Indians Magazine,https://www.rottentomatoes.com/critics/source/3876,Joe Leydon
Cracked,https://www.rottentomatoes.com/critics/source/100009819,Tara Ariano
Creative Loafing,https://www.rottentomatoes.com/critics/source/1013,"Allison Keene, Felicia Feaster, Matt Brunson"
Creators Syndicate,https://www.rottentomatoes.com/critics/source/3190,Kurt Loder
Creepy Kingdom,https://www.rottentomatoes.com/critics/source/3615,"Dolores Quintana, Sarah Musnicky, Shannon McGrew"
Critics at Large,https://www.rottentomatoes.com/critics/source/2408,CJ Sheu
Critic's Notebook,https://www.rottentomatoes.com/critics/source/2193,"Martin Tsai, Robert Levin, Sarah Manvel"
Crooked Marquee,https://www.rottentomatoes.com/critics/source/2968,"Abby Olcese, Alan Zilberman, Audrey Fox, Britt Hayes, Caroline Madden, Craig D. Lindsey, Eric D. Snider, Jason Bailey, Josh Bell, Kimber Myers"
Crum on Showbiz,https://www.rottentomatoes.com/critics/source/100009552,Steve Crum
CTV's Your Morning,https://www.rottentomatoes.com/critics/source/3376,Radheyan Simonpillai
Culture Cabinet,https://www.rottentomatoes.com/critics/source/100009793,"Dan Bayer, Nicole Ackman"
CultureCatch,https://www.rottentomatoes.com/critics/source/1934,Brandon Judell
Cultured Vultures,https://www.rottentomatoes.com/critics/source/2920,
CultureMap,https://www.rottentomatoes.com/critics/source/3686,"Alex Bentley, Craig D. Lindsey"
Culture Mix,https://www.rottentomatoes.com/critics/source/3776,Carla Hay
Culturess,https://www.rottentomatoes.com/critics/source/2922,
culturevulture.net,https://www.rottentomatoes.com/critics/source/108,
Cup of Soul,https://www.rottentomatoes.com/critics/source/3694,"DarkSkyLady, Kathia Woods, Murtada Elfadl"
CWEB.com,https://www.rottentomatoes.com/critics/source/3439,Tony Medley
Daily Dead,https://www.rottentomatoes.com/critics/source/2723,
Daily Express (UK),https://www.rottentomatoes.com/critics/source/2149,
Daily Grindhouse,https://www.rottentomatoes.com/critics/source/3050,
Daily Mail (UK),https://www.rottentomatoes.com/critics/source/265,
Daily Mirror (UK),https://www.rottentomatoes.com/critics/source/1387,
Daily Record (UK),https://www.rottentomatoes.com/critics/source/2155,
Daily Telegraph (Australia),https://www.rottentomatoes.com/critics/source/2044,
Daily Telegraph (UK),https://www.rottentomatoes.com/critics/source/921,
DallasFilmNow.com,https://www.rottentomatoes.com/critics/source/100009588,Peter Martin
Dallas Morning News,https://www.rottentomatoes.com/critics/source/490,
Dallas Observer,https://www.rottentomatoes.com/critics/source/1226,"Andy Klein, Bill Gallo, David Ehrenstein, Jean Oppenheimer, Luke Y. Thompson, Matt Zoller Seitz, Preston Barta, Robert Wilonsky"
DamianMichaelMovies.com,https://www.rottentomatoes.com/critics/source/3980,Damian Levy
Dan Murrell Reviews,https://www.rottentomatoes.com/critics/source/3689,Dan Murrell
Dare Daniel,https://www.rottentomatoes.com/critics/source/3175,Daniel Barnes
DarkSkyLady Reviews,https://www.rottentomatoes.com/critics/source/3996,DarkSkyLady
Dave Lee Down Under,https://www.rottentomatoes.com/critics/source/3783,Dave Lee
Dayton Daily News,https://www.rottentomatoes.com/critics/source/3959,Terry Lawson
Deadline Hollywood Daily,https://www.rottentomatoes.com/critics/source/2256,
Decent Films,https://www.rottentomatoes.com/critics/source/991,Steven D. Greydanus
Decider,https://www.rottentomatoes.com/critics/source/2701,
Decoding Everything (Substack),https://www.rottentomatoes.com/critics/source/100010132,"David Chen, Matt Goldberg"
Deep Dive Movie Reviews (YouTube),https://www.rottentomatoes.com/critics/source/100009554,James Marsh
Deep Focus Review,https://www.rottentomatoes.com/critics/source/100009573,Brian Eggert
Del Sofá a la Cocina Podcast (Spain),https://www.rottentomatoes.com/critics/source/100009992,Valentina Morillo
Democracy at Work (Substack),https://www.rottentomatoes.com/critics/source/100010312,Matthew Rozsa
Denerstein Unleashed,https://www.rottentomatoes.com/critics/source/2866,Robert Denerstein
Dennis Schwartz Movie Reviews,https://www.rottentomatoes.com/critics/source/873,Dennis Schwartz
Den of Geek,https://www.rottentomatoes.com/critics/source/2170,
Denton Record-Chronicle,https://www.rottentomatoes.com/critics/source/1022,"Boo Allen, Chase Whale, Preston Barta, Todd Jorgenson"
Denver Post,https://www.rottentomatoes.com/critics/source/492,
Denver Rocky Mountain News,https://www.rottentomatoes.com/critics/source/120,
Deseret News (Salt Lake City),https://www.rottentomatoes.com/critics/source/121,
Detroit Free Press,https://www.rottentomatoes.com/critics/source/547,
Detroit News,https://www.rottentomatoes.com/critics/source/122,
Dexerto,https://www.rottentomatoes.com/critics/source/100009711,"Cameron Frew, Chris Tilly"
Diario las Américas,https://www.rottentomatoes.com/critics/source/100009781,Luis Bond
Digital Journal,https://www.rottentomatoes.com/critics/source/3059,Sarah Gopaul
Digital Mafia Talkies,https://www.rottentomatoes.com/critics/source/100009812,"Pramit Chatterjee, Ruchika Bhat, Srijoni Rudra"
Digital Spy,https://www.rottentomatoes.com/critics/source/2146,
Digital Trends,https://www.rottentomatoes.com/critics/source/2472,"A.A. Dowd, Jeff Nelson, Rick Marshall"
Director's Club,https://www.rottentomatoes.com/critics/source/100009616,Jim Laczkowski
Discussing Film,https://www.rottentomatoes.com/critics/source/3156,
D Movies,https://www.rottentomatoes.com/critics/source/3644,Victoria Luxford
Dog and Wolf,https://www.rottentomatoes.com/critics/source/3111,Alexa Dalby
Double Toasted,https://www.rottentomatoes.com/critics/source/3073,
Dread Central,https://www.rottentomatoes.com/critics/source/1696,
Drink in the Movies,https://www.rottentomatoes.com/critics/source/4035,"Christopher Cross, Michael Clawson, Taylor Baker"
DrumDums,https://www.rottentomatoes.com/critics/source/3767,Lee McCoy
Dugout Dirt,https://www.rottentomatoes.com/critics/source/100009861,Danielle Solzman
DVDJournal.com,https://www.rottentomatoes.com/critics/source/641,"Betsy Bozdech, D.K. Holm, Mark Bourne, Nell Minow"
DwightBrownInk.com,https://www.rottentomatoes.com/critics/source/100009621,Dwight Brown
Dynamic Duel Podcast,https://www.rottentomatoes.com/critics/source/100009734,
The Daily Beast,https://www.rottentomatoes.com/critics/source/2345,
"The Daily Gazette (Schenectady, NY)",https://www.rottentomatoes.com/critics/source/2945,Dan DiNicola
The Direct,https://www.rottentomatoes.com/critics/source/100010147,"Jeff Ewing, Tessa Smith"
East Bay Express,https://www.rottentomatoes.com/critics/source/2277,
Easy Reader (California),https://www.rottentomatoes.com/critics/source/2894,Neely Swanson
Edge Media Network,https://www.rottentomatoes.com/critics/source/3171,"C.J. Prince, Derek Deskins, Frank J. Avella, Matthew Creith"
EJ Moreno,https://www.rottentomatoes.com/critics/source/3884,EJ Moreno
El antepenúltimo mohicano,https://www.rottentomatoes.com/critics/source/2768,
Elements of Madness,https://www.rottentomatoes.com/critics/source/3247,"Douglas Davidson, Michelle Swope"
El estímulo,https://www.rottentomatoes.com/critics/source/100009982,Aglaia Berlutti
El Heraldo,https://www.rottentomatoes.com/critics/source/3814,Gisela Savdie
Elle,https://www.rottentomatoes.com/critics/source/2902,"Candice Frederick, Emily Tannenbaum, Emma Dibdin, Judy Berman, Kit Stone, Max Gao, Michael Arceneaux, Molly Fitzpatrick, Tomris Laffly"
El Mundo (Spain),https://www.rottentomatoes.com/critics/source/2778,
El nacional,https://www.rottentomatoes.com/critics/source/100009985,Aglaia Berlutti
El Nuevo Día (Puerto Rico),https://www.rottentomatoes.com/critics/source/2732,Juanma Fernández París
El Pais (Spain),https://www.rottentomatoes.com/critics/source/2703,
El Universal,https://www.rottentomatoes.com/critics/source/2616,
EmanuelLevy.Com,https://www.rottentomatoes.com/critics/source/1626,"Emanuel Levy, Tim Grierson"
Emily Wheeler Movie Ops,https://www.rottentomatoes.com/critics/source/3893,Emily Wheeler
Emol.com,https://www.rottentomatoes.com/critics/source/100010325,Agustín Pérez
Empire Magazine,https://www.rottentomatoes.com/critics/source/148,
Endless Mode,https://www.rottentomatoes.com/critics/source/100011554,Elijah Gonzalez
Entertainment Voice,https://www.rottentomatoes.com/critics/source/3102,"Alci Rengifo, Andrew Bundy"
Entertainment Weekly,https://www.rottentomatoes.com/critics/source/150,
Episodic Medium (Substack),https://www.rottentomatoes.com/critics/source/100009898,Caroline Siede
Epoch Times,https://www.rottentomatoes.com/critics/source/2771,
Eric Goldman's Cultured Pop (Substack),https://www.rottentomatoes.com/critics/source/100010067,Eric Goldman
Eric Goldman (YouTube),https://www.rottentomatoes.com/critics/source/100010064,Eric Goldman
Escapist Magazine,https://www.rottentomatoes.com/critics/source/3221,"Bob Chipman, Matthew Razak, Tony Black"
EscribiendoCine,https://www.rottentomatoes.com/critics/source/2658,
EskimoTV,https://www.rottentomatoes.com/critics/source/3445,Jason Escamilla
Espinof,https://www.rottentomatoes.com/critics/source/2621,
Esquire Magazine,https://www.rottentomatoes.com/critics/source/2335,
Esquire UK,https://www.rottentomatoes.com/critics/source/100011398,"Henry Wong, Miranda Collinge"
Every Movie Has a Lesson,https://www.rottentomatoes.com/critics/source/3147,Don Shanahan
Everything is Horrible (Substack),https://www.rottentomatoes.com/critics/source/100009735,Noah Berlatsky
Everything's Interesting,https://www.rottentomatoes.com/critics/source/100009559,Eric Langberg
Exclaim!,https://www.rottentomatoes.com/critics/source/887,
Extra Beurre,https://www.rottentomatoes.com/critics/source/2939,Kevin N. Laforest
Eye for Film,https://www.rottentomatoes.com/critics/source/1869,"Amber Wilkinson, Donald Munro, Jennie Kermode, Keith H. Brown, Stephen Carty"
Eyes Wide Open (Medium),https://www.rottentomatoes.com/critics/source/3530,Chris Barsanti
The Echo (Ireland),https://www.rottentomatoes.com/critics/source/100010134,Cara O'Doherty
The Economic Times (India),https://www.rottentomatoes.com/critics/source/100010146,Anna M.M. Vetticad
The Establishing Shot,https://www.rottentomatoes.com/critics/source/3660,Jeff York
"fade in, breathe out (Substack)",https://www.rottentomatoes.com/critics/source/100011514,Cody Allen
Family Home Theater,https://www.rottentomatoes.com/critics/source/2751,James Plath
FandomWire,https://www.rottentomatoes.com/critics/source/100009878,
Fangirl Freakout,https://www.rottentomatoes.com/critics/source/3854,Lauren Bradshaw
Fangirlish,https://www.rottentomatoes.com/critics/source/4053,"Alicia Gilstorf, Brittany Frederick, Gissane Sophia, Lissete Lanuza Sáenz, Lyra Hale, Sarah Musnicky, Shelby Elpers"
Fangoria,https://www.rottentomatoes.com/critics/source/2270,
Far Out Magazine,https://www.rottentomatoes.com/critics/source/3093,"Matthew Creith, Monica Reid"
Fat Guys at the Movies,https://www.rottentomatoes.com/critics/source/2722,Kevin Carr
Father Son Holy Gore,https://www.rottentomatoes.com/critics/source/3459,C.H. Newell
Federica Bocco (Medium),https://www.rottentomatoes.com/critics/source/100009703,Federica Bocco
Fiction Machine,https://www.rottentomatoes.com/critics/source/3468,Grant Watson
Film4,https://www.rottentomatoes.com/critics/source/1396,
film-authority.com,https://www.rottentomatoes.com/critics/source/3904,Eddie Harrison
Filmcritic.com,https://www.rottentomatoes.com/critics/source/178,
Film Daze,https://www.rottentomatoes.com/critics/source/3755,"Alisha Mughal, Farah Cheded, Katie Duggan, Shea Vassar"
Film Disclosure,https://www.rottentomatoes.com/critics/source/4077,Kat Hughes
Filmfare,https://www.rottentomatoes.com/critics/source/2668,
Film Feeder,https://www.rottentomatoes.com/critics/source/100010107,Jack Martin
Film Festival Today,https://www.rottentomatoes.com/critics/source/1517,"Christopher Llewellyn Reed, Filipe Freitas, Jeremiah Kipp, Victoria Alexander"
Film-Forward.com,https://www.rottentomatoes.com/critics/source/1550,"Ben Wasserman, Kent Turner, Nora Lee Mandel, Phil Guie, Phil Hall, Rania Richardson, Shah Shahid"
Film Freak Central,https://www.rottentomatoes.com/critics/source/559,
Film Frenzy,https://www.rottentomatoes.com/critics/source/3324,Matt Brunson
FilmGamed,https://www.rottentomatoes.com/critics/source/2750,Mahmoud Mahdy
FILMHOUNDS Magazine,https://www.rottentomatoes.com/critics/source/3837,"Andrew Gaudion, Awais Irfan, Christopher Connor, Clotilde Chinnici, Dallas King, Emma-Jane Betts, Gavin Spoors, James Hanton, Joonatan Itkonen, Karl Delossantos"
FILMINK (Australia),https://www.rottentomatoes.com/critics/source/1014,
Film Inquiry,https://www.rottentomatoes.com/critics/source/2813,
Film Ireland Magazine,https://www.rottentomatoes.com/critics/source/170,
Film Is A Fine Affair,https://www.rottentomatoes.com/critics/source/3350,Vassilis Kroustallis
Film Joy,https://www.rottentomatoes.com/critics/source/100009611,Amanda Mazzillo
Film Legacy,https://www.rottentomatoes.com/critics/source/3338,Daniel Eagan
Filmmaker Magazine,https://www.rottentomatoes.com/critics/source/3238,"Casey Cipriani, Natalia Keogan, Rania Richardson, Vadim Rizov"
Film Obsessive,https://www.rottentomatoes.com/critics/source/100009733,"Diana Tuova, Don Shanahan, Tina Kakadelis, Tony Black"
Film Posers Podcast,https://www.rottentomatoes.com/critics/source/100009577,Josie Meléndez
Film School Rejects,https://www.rottentomatoes.com/critics/source/1929,
FilmsInReview.com,https://www.rottentomatoes.com/critics/source/560,Victoria Alexander
Film Speak,https://www.rottentomatoes.com/critics/source/4100,"Ben Rolph, Maxance Vincent"
FilmSpeak (Youtube),https://www.rottentomatoes.com/critics/source/100009890,Griffin Schiller
Filmspotting,https://www.rottentomatoes.com/critics/source/1967,
Film Stories,https://www.rottentomatoes.com/critics/source/3835,"Freda Cooper, Kat Hughes, Katie Smith-Wong, Kelechi Ehenulo, Linda Marric, Maria Lattila, Tom Beasley, Tony Black"
Film Threat,https://www.rottentomatoes.com/critics/source/174,
FilmWeek (LAist),https://www.rottentomatoes.com/critics/source/3509,
Financial Times,https://www.rottentomatoes.com/critics/source/1882,
Firing the Canon,https://www.rottentomatoes.com/critics/source/4023,Joshua Starnes
Firstpost,https://www.rottentomatoes.com/critics/source/2784,
FirstShowing.net,https://www.rottentomatoes.com/critics/source/1755,"Alex Billington, Manuel São Bento, Mark Cassidy, Zofia Wijaszka"
Fish Jelly Films (YouTube),https://www.rottentomatoes.com/critics/source/100009834,"Joseph Robinson, Nicholas Bell"
FlickDirect,https://www.rottentomatoes.com/critics/source/3524,Allison Rose
Flickering Myth,https://www.rottentomatoes.com/critics/source/2936,
Flick Feast,https://www.rottentomatoes.com/critics/source/3449,"Amy Smith, Calum Cooper, Dallas King, Filipe Freitas, Frank Ochieng, Katie Smith-Wong, Tony Black, William Stottor"
Flick Filosopher,https://www.rottentomatoes.com/critics/source/188,
"Flicks (AU, NZ, UK)",https://www.rottentomatoes.com/critics/source/2339,
FlickSided,https://www.rottentomatoes.com/critics/source/100010335,"Louis Skye (Ronita Roy Mohan), Maxance Vincent"
FlixChatter Film Blog,https://www.rottentomatoes.com/critics/source/3410,Ruth Maramis
Floating World,https://www.rottentomatoes.com/critics/source/3925,Dustin Chang
For All Nerds Podcast,https://www.rottentomatoes.com/critics/source/100010138,
Forbes,https://www.rottentomatoes.com/critics/source/2233,"Andrew Husband, Christopher Orr, Erik Kain, Jeff Ewing, Kristen Lopez, Laura Sirikul, Linda Maleh, Luke Y. Thompson, Mark Hughes, Merrill Barr"
ForReel Movie News And Reviews,https://www.rottentomatoes.com/critics/source/100009587,"Matthew Simpson, Thomas Stoneham-Judge"
For the Win at USA Today,https://www.rottentomatoes.com/critics/source/100010318,Cory Woodroof
Fort Worth Report,https://www.rottentomatoes.com/critics/source/4015,Joe Friar
Fort Worth Weekly,https://www.rottentomatoes.com/critics/source/2430,"Chase Whale, Kristian M. Lin"
For Your Reference Podcast,https://www.rottentomatoes.com/critics/source/100009741,
Fotogramas,https://www.rottentomatoes.com/critics/source/2780,
"Fox19 (Cincinnati, OH)",https://www.rottentomatoes.com/critics/source/3348,tt stern-enzi
Fox 4 Kansas City,https://www.rottentomatoes.com/critics/source/3458,Shawn Edwards
Frame Rated,https://www.rottentomatoes.com/critics/source/3536,Amelia Harvey
Free Press Journal (India),https://www.rottentomatoes.com/critics/source/100010114,Troy Ribeiro
Fresh Fiction,https://www.rottentomatoes.com/critics/source/2915,"Courtney Howard, James Clay, Kip Mooney, Preston Barta"
Frieze,https://www.rottentomatoes.com/critics/source/3027,Ela Bittencourt
From the Front Row,https://www.rottentomatoes.com/critics/source/3484,Mattie Lucas
Fuera de Foco,https://www.rottentomatoes.com/critics/source/3804,Gabriela Meza
The Federal,https://www.rottentomatoes.com/critics/source/100009740,"Ishita Sengupta, Poulomi Das"
The Fiction Department,https://www.rottentomatoes.com/critics/source/100010153,"Kenneth Seward Jr., Natasha Alvar"
The Film Experience,https://www.rottentomatoes.com/critics/source/1002,"Abe Friedtanzer, Ankit Jhunjhunwala, Chris Feil, Christopher James, Glenn Dunks, Jason Adams, Manuel Betancourt, Matthew Eng, Matthew St. Clair, Murtada Elfadl"
The Film Maven,https://www.rottentomatoes.com/critics/source/100010077,"Kristen Lopez, Lex Briscuso"
The Film Nerdette,https://www.rottentomatoes.com/critics/source/100009555,Zofia Wijaszka
The Film Stage,https://www.rottentomatoes.com/critics/source/2305,
The Film Verdict,https://www.rottentomatoes.com/critics/source/4059,"Alonso Duralde, Boyd van Hoeij, Deborah Young, Jay Weissberg, Kristen Lopez, Stephen Dalton, William Bibbiani"
The Film Yap,https://www.rottentomatoes.com/critics/source/2953,"Christopher Lloyd, Evan Dossey, Nick Rogers"
The Flick Pick (Youtube),https://www.rottentomatoes.com/critics/source/100009832,John Flickinger
The Forward,https://www.rottentomatoes.com/critics/source/894,
Galveston Daily News,https://www.rottentomatoes.com/critics/source/3461,Dustin Chase
GamesRadar+,https://www.rottentomatoes.com/critics/source/100010152,
Gay City News,https://www.rottentomatoes.com/critics/source/1406,
Gayly Dreadful,https://www.rottentomatoes.com/critics/source/3523,"Eric Langberg, Joe Lipsett, Terry Mesnard"
Geek Girl Authority,https://www.rottentomatoes.com/critics/source/3058,"Diana Keng, Kimberly Pierce, Leona Laurie, Melody McCune, Monita Roy Mohan, Noetta Harjo"
Geek Girl Riot,https://www.rottentomatoes.com/critics/source/3343,"Julian Lytle, Mae Abdulbaki, Sherin Nicole"
Geeks of Color,https://www.rottentomatoes.com/critics/source/3033,
Geek Vibes Nation,https://www.rottentomatoes.com/critics/source/100009880,
GenreVision,https://www.rottentomatoes.com/critics/source/2981,Drew Dietsch
GhMovieFreak,https://www.rottentomatoes.com/critics/source/3479,
Giant Freakin Robot,https://www.rottentomatoes.com/critics/source/2049,"Annie Banks, Brent McKnight, Drew Dietsch, Joshua Tyler"
Girl Culture (Substack),https://www.rottentomatoes.com/critics/source/100009884,Caroline Siede
Glenn Dunks,https://www.rottentomatoes.com/critics/source/2538,Glenn Dunks
Globe and Mail,https://www.rottentomatoes.com/critics/source/662,
Gone With The Twins,https://www.rottentomatoes.com/critics/source/3719,Mike Massie
GothamGeekGirl (YouTube),https://www.rottentomatoes.com/critics/source/100010105,Nadya Martinez
GQ,https://www.rottentomatoes.com/critics/source/2373,"Chuck Klosterman, Esther Zuckerman, Jenni Miller, Joshua Rivera, Keith Phipps, Oliver Whitney, Scott Tobias, Vincent Mancini"
GQ Magazine [UK],https://www.rottentomatoes.com/critics/source/2148,
Guardian,https://www.rottentomatoes.com/critics/source/205,
Gulf News (UAE),https://www.rottentomatoes.com/critics/source/2745,
Guy at the Movies,https://www.rottentomatoes.com/critics/source/1362,Jeff Nelson
The Garfield/Lawndale Voice,https://www.rottentomatoes.com/critics/source/100010060,Reginald Ponder
The Gate,https://www.rottentomatoes.com/critics/source/1118,Andrew Parker
The Gospel Coalition,https://www.rottentomatoes.com/critics/source/3559,Brett McCracken
Hallmarkies Podcast,https://www.rottentomatoes.com/critics/source/3844,"Natasha Alvar, Rachel Wagner"
Hammer to Nail,https://www.rottentomatoes.com/critics/source/2636,"Chase Whale, Christopher Llewellyn Reed, Don R. Lewis, Jessica Baxter, Kim Voynar, Savina Petkova"
HanCinema,https://www.rottentomatoes.com/critics/source/3244,"Panos Kotzathanasis, William Schwartz"
Hartford Courant,https://www.rottentomatoes.com/critics/source/1429,
Hazel & Katniss & Harry & Starr Podcast,https://www.rottentomatoes.com/critics/source/3707,Joe Lipsett
Heaven of Horror,https://www.rottentomatoes.com/critics/source/100011393,Karina Adelgaard
Hello Iowa,https://www.rottentomatoes.com/critics/source/100009824,Lonita Cook
Herald Sun (Australia),https://www.rottentomatoes.com/critics/source/2032,
Heroes Reforged (YouTube),https://www.rottentomatoes.com/critics/source/100011397,
"Hey, Have You Seen ...?",https://www.rottentomatoes.com/critics/source/100009724,Jared Mobarak
HeyUGuys,https://www.rottentomatoes.com/critics/source/2473,
High on Films,https://www.rottentomatoes.com/critics/source/3597,"Debopriyaa Dutta, Pramit Chatterjee, Shikhar Verma, Vassilis Kroustallis"
Hindustan Times,https://www.rottentomatoes.com/critics/source/1146,
Hipertextual,https://www.rottentomatoes.com/critics/source/100009983,Aglaia Berlutti
hoganreviews.co.uk,https://www.rottentomatoes.com/critics/source/3375,David Hogan
HollywoodChicago.com,https://www.rottentomatoes.com/critics/source/1903,"Adam Fendelman, Brian Tallerico, Jon Espino, Patrick McDonald"
HollywoodInToto.com,https://www.rottentomatoes.com/critics/source/2598,Christian Toto
Hollywood Report Card,https://www.rottentomatoes.com/critics/source/567,Ross Anthony
HorrorBuzz,https://www.rottentomatoes.com/critics/source/3640,"Norman Gidney, Sharai Bohannon"
Horror Geek Life,https://www.rottentomatoes.com/critics/source/3548,Melissa Hannon
Horror Movie Blog,https://www.rottentomatoes.com/critics/source/100009756,"Jazzmin Crawley, Jessica Scott, Sharai Bohannon, Xero Gravity"
Horror Movie Club Podcast,https://www.rottentomatoes.com/critics/source/100009745,
Horror Movie Talk,https://www.rottentomatoes.com/critics/source/100011469,
Horror Press,https://www.rottentomatoes.com/critics/source/100009845,"Jazzmin Crawley, Luis Pomales-Diaz, Samantha McLaren, Sharai Bohannon, Xero Gravity"
Horror Queers Podcast,https://www.rottentomatoes.com/critics/source/3579,"Jenn Adams, Joe Lipsett, Trace Thurman"
Horrorverse,https://www.rottentomatoes.com/critics/source/100010095,Bee Delores
Hot Button (Substack),https://www.rottentomatoes.com/critics/source/981,"David Poland, Ray Pride"
Houston Chronicle,https://www.rottentomatoes.com/critics/source/219,
Houston Community Newspapers,https://www.rottentomatoes.com/critics/source/949,"Danny Minton, Gary Brown"
Houston Press,https://www.rottentomatoes.com/critics/source/1605,
Hue Watched It,https://www.rottentomatoes.com/critics/source/100009822,"John Daniel Tangalin, Kit Stone"
HuffPost,https://www.rottentomatoes.com/critics/source/2121,"Brandon Judell, Candice Frederick, Dan Lybarger, Derek Malcolm, Gregory Weinkauf, Jackie K. Cooper, Jenna Busch, Laura Prudom, Maureen Ryan, Nell Minow"
Hye's Musings,https://www.rottentomatoes.com/critics/source/3087,Heidy Morales
Hyperallergic,https://www.rottentomatoes.com/critics/source/3161,
The Herald (Scotland),https://www.rottentomatoes.com/critics/source/2972,"Alison Rowat, Julie McDowall"
The Hermes Tidings,https://www.rottentomatoes.com/critics/source/2509,
The Hindu,https://www.rottentomatoes.com/critics/source/1331,
The Hollywood News,https://www.rottentomatoes.com/critics/source/2308,"Awais Irfan, Joey Magidson, Kat Hughes, Rebecca Sayce, Sean O'Connell, Todd Gilchrist"
The Hollywood Outsider,https://www.rottentomatoes.com/critics/source/3146,"Aaron Peterson, Amanda Sink"
The Hollywood Reporter,https://www.rottentomatoes.com/critics/source/213,
The Hollywood Reporter India,https://www.rottentomatoes.com/critics/source/100011557,
The Hudsucker,https://www.rottentomatoes.com/critics/source/100010109,Tania Hussain
The Huntsville Item (TX),https://www.rottentomatoes.com/critics/source/4016,Matthew Jackson
ianthomasmalone.com,https://www.rottentomatoes.com/critics/source/3232,Ian Thomas Malone
IGN Movies,https://www.rottentomatoes.com/critics/source/811,
Illinois Times,https://www.rottentomatoes.com/critics/source/2026,Charles Koplinski
I Love Splatter,https://www.rottentomatoes.com/critics/source/3416,Amie Simon
Impression Blend,https://www.rottentomatoes.com/critics/source/3097,Marianna Neal
Impulse Gamer,https://www.rottentomatoes.com/critics/source/2560,"Damien Straker, Debbie Zhou, Harris Dang"
InBetweenDrafts,https://www.rottentomatoes.com/critics/source/100009720,
Independent Online (South Africa),https://www.rottentomatoes.com/critics/source/2738,
Independent (UK),https://www.rottentomatoes.com/critics/source/691,
Indie Mac User,https://www.rottentomatoes.com/critics/source/3164,Benjamin Gummery
IndieWire,https://www.rottentomatoes.com/critics/source/226,
iNews.co.uk,https://www.rottentomatoes.com/critics/source/2802,
Inner East Review,https://www.rottentomatoes.com/critics/source/100010066,Cris Kennedy
In Review Online,https://www.rottentomatoes.com/critics/source/1503,
InSession Film,https://www.rottentomatoes.com/critics/source/3137,
In Their Own League,https://www.rottentomatoes.com/critics/source/3647,"Bianca Garner, Calum Cooper, Emma Vine, Harris Dang, Kristy Strouse, Nadine Whitney, Nicole Ackman, Rosa Parra, Sarah Manvel, Valerie Kalfrin"
Inverse,https://www.rottentomatoes.com/critics/source/2998,
io9.com,https://www.rottentomatoes.com/critics/source/2195,
IONCINEMA.com,https://www.rottentomatoes.com/critics/source/3108,"Jordan M. Smith, Nicholas Bell"
Irish Independent,https://www.rottentomatoes.com/critics/source/2567,
Irish Times,https://www.rottentomatoes.com/critics/source/228,
Irving Television,https://www.rottentomatoes.com/critics/source/3991,Susan Kamyab
It's Better in the Dark,https://www.rottentomatoes.com/critics/source/3658,Anthony Morris
It's The Pictures,https://www.rottentomatoes.com/critics/source/3962,Max Covill
The Indian Express,https://www.rottentomatoes.com/critics/source/2649,
The Indiependent,https://www.rottentomatoes.com/critics/source/3795,"Clotilde Chinnici, James Hanton, William Stottor"
"The Inlander (Spokane, WA)",https://www.rottentomatoes.com/critics/source/2979,"Chase Hutchinson, Josh Bell"
jackiekcooper.com,https://www.rottentomatoes.com/critics/source/1557,Jackie K. Cooper
Jae-Ha Kim (Substack),https://www.rottentomatoes.com/critics/source/100009856,Jae-Ha Kim
Jamaica Gleaner,https://www.rottentomatoes.com/critics/source/456,Damian Levy
Jane Freebury,https://www.rottentomatoes.com/critics/source/4027,Jane Freebury
Japan Times,https://www.rottentomatoes.com/critics/source/2781,
Jaredmobarak.com,https://www.rottentomatoes.com/critics/source/3070,Jared Mobarak
JeremyJahns.com,https://www.rottentomatoes.com/critics/source/2955,Jeremy Jahns
Jerusalem Post,https://www.rottentomatoes.com/critics/source/723,Hannah Brown
Jezebel,https://www.rottentomatoes.com/critics/source/2994,
jimschembri.com,https://www.rottentomatoes.com/critics/source/2937,Jim Schembri
JMuvies,https://www.rottentomatoes.com/critics/source/3970,John Urbancich
JoBlo's Movie Network,https://www.rottentomatoes.com/critics/source/573,"Alex Keen, Alex Maidy, Chris Bumbray, Emilie Black, Jenna Busch, JimmyO, JoBlo"
joe.ie,https://www.rottentomatoes.com/critics/source/100010319,Stephen Porzio
John Flickinger (YouTube),https://www.rottentomatoes.com/critics/source/100009833,John Flickinger
johnmcdonald.net.au,https://www.rottentomatoes.com/critics/source/3198,John McDonald
Jordy Reviews It,https://www.rottentomatoes.com/critics/source/3764,Jordy Sirkin
JoySauce.com,https://www.rottentomatoes.com/critics/source/100009622,"Carolyn Hinds, Siddhant Adlakha, Weiting Liu, Zachary Lee"
Junkee,https://www.rottentomatoes.com/critics/source/2537,
Just Add Color,https://www.rottentomatoes.com/critics/source/3299,Monique Jones
Just for Movie Freaks,https://www.rottentomatoes.com/critics/source/100009849,Surya Komal
Just My Opinion Reviews,https://www.rottentomatoes.com/critics/source/3828,Brandon Avery
JVS Media & Productions/Team JVS,https://www.rottentomatoes.com/critics/source/3886,"Lucas Moore, Samuel Leggett Jr."
The Jacobin,https://www.rottentomatoes.com/critics/source/2729,Eileen Jones
The Jam Report,https://www.rottentomatoes.com/critics/source/3187,Doug Jamieson
The John Campea Show,https://www.rottentomatoes.com/critics/source/3115,John Campea
The Juggernaut,https://www.rottentomatoes.com/critics/source/3514,Siddhant Adlakha
Kalamazoo Gazette,https://www.rottentomatoes.com/critics/source/625,James Sanford
Kaplan vs. Kaplan,https://www.rottentomatoes.com/critics/source/1623,"David Kaplan, Jeanne Kaplan"
KARK-TV,https://www.rottentomatoes.com/critics/source/100009820,Michael Cook
"KCCI (Des Moines, IA)",https://www.rottentomatoes.com/critics/source/3741,Damond Fudge
KDHX (St. Louis),https://www.rottentomatoes.com/critics/source/2883,Martha K. Baker
Keith & the Movies,https://www.rottentomatoes.com/critics/source/100009656,Keith Garlington
Kermode and Mayo's Take (YouTube),https://www.rottentomatoes.com/critics/source/100009998,"Mark Kermode, Robbie Collin"
"KGET-TV (Bakersfield, CA)",https://www.rottentomatoes.com/critics/source/4037,Rick Bentley
Kicking the Seat,https://www.rottentomatoes.com/critics/source/3892,Ian Simmons
Killer Movie Reviews,https://www.rottentomatoes.com/critics/source/1370,Andrea Chase
Kino Mania,https://www.rottentomatoes.com/critics/source/100009817,Giuseppe Sedia
KKFI-FM (Kansas City),https://www.rottentomatoes.com/critics/source/3757,Russ Simmons
KLRT-TV,https://www.rottentomatoes.com/critics/source/100009821,Michael Cook
KMUW - Wichita Public Radio,https://www.rottentomatoes.com/critics/source/3885,Fletcher Powell
Knotfest,https://www.rottentomatoes.com/critics/source/4004,Nicolás Delgadillo
Koimoi,https://www.rottentomatoes.com/critics/source/100010097,Nelson Acosta
KOMO News (Seattle),https://www.rottentomatoes.com/critics/source/3894,Candice McMillan
KPBS.org,https://www.rottentomatoes.com/critics/source/1346,Beth Accomando
KSNV (Las Vegas),https://www.rottentomatoes.com/critics/source/3762,Derek Sante
"KSTP-TV (St. Paul, MN)",https://www.rottentomatoes.com/critics/source/3614,Paul McGuire Grimes
KUAF Public Radio 91.3 (Arkansas),https://www.rottentomatoes.com/critics/source/100009977,Courtney Lanning
"KUNR (Reno, NV)",https://www.rottentomatoes.com/critics/source/4029,Robin Holabird
KVCW (Las Vegas),https://www.rottentomatoes.com/critics/source/3763,Derek Sante
Lady Geeks Media,https://www.rottentomatoes.com/critics/source/100009794,"Gissane Sophia, Lissete Lanuza Sáenz"
LadyJenevia (YouTube),https://www.rottentomatoes.com/critics/source/100010330,Lady Jenevia
La Estatuilla,https://www.rottentomatoes.com/critics/source/3729,Ricardo Gallegos
"Lagniappe (Mobile, AL)",https://www.rottentomatoes.com/critics/source/3057,Asia Frey
Lainey Gossip,https://www.rottentomatoes.com/critics/source/2886,Sarah Marrs
La Jornada,https://www.rottentomatoes.com/critics/source/2625,"Carlos Bonfil, Leonardo Garcia Tsao, Luis Tovar"
La Nación (Argentina),https://www.rottentomatoes.com/critics/source/252,
Laramie Movie Scope,https://www.rottentomatoes.com/critics/source/254,Robert Roten
LarsenOnFilm,https://www.rottentomatoes.com/critics/source/1959,Josh Larsen
Las Vegas Review-Journal,https://www.rottentomatoes.com/critics/source/1029,
LatestLY.com,https://www.rottentomatoes.com/critics/source/100011399,Sreeju Sudhakaran
LatinaMedia.Co,https://www.rottentomatoes.com/critics/source/3997,
Latin Horror,https://www.rottentomatoes.com/critics/source/100010306,Nadya Martinez
L.A. Weekly,https://www.rottentomatoes.com/critics/source/251,
LA Weekly/Village Voice,https://www.rottentomatoes.com/critics/source/100009603,
LeisureByte.com,https://www.rottentomatoes.com/critics/source/100010103,Archi Sengupta
Le Noir Auteur,https://www.rottentomatoes.com/critics/source/3106,Terence Johnson
leonardmaltin.com,https://www.rottentomatoes.com/critics/source/1221,
"Less Hat, Moorhead",https://www.rottentomatoes.com/critics/source/3691,M.V. Moorhead
Letras Libres,https://www.rottentomatoes.com/critics/source/2613,
Lifestyle Asia (India),https://www.rottentomatoes.com/critics/source/100010065,Kshitij Rawat
Limelight,https://www.rottentomatoes.com/critics/source/2311,
Liquid Marmalade,https://www.rottentomatoes.com/critics/source/3043,Rosalynn Try-Hane
Little White Lies,https://www.rottentomatoes.com/critics/source/1822,
Livemint,https://www.rottentomatoes.com/critics/source/2785,Udita Jhunjhunwala
Living Life Fearless,https://www.rottentomatoes.com/critics/source/3821,Stephen Silver
Lola Lambchops,https://www.rottentomatoes.com/critics/source/3456,Tania Lamb
Lola On Film,https://www.rottentomatoes.com/critics/source/4036,Milana Vujkov
London Evening Standard,https://www.rottentomatoes.com/critics/source/446,
London Review of Books,https://www.rottentomatoes.com/critics/source/3051,
Looking Closer,https://www.rottentomatoes.com/critics/source/1138,"Jeffrey Overstreet, J. Robert Parks"
Looper.com,https://www.rottentomatoes.com/critics/source/3933,
Los Angeles Sentinel,https://www.rottentomatoes.com/critics/source/1858,"Kam Williams, Lapacazo Magrira Sandoval"
Los Angeles Times,https://www.rottentomatoes.com/critics/source/268,
Loud and Clear Reviews,https://www.rottentomatoes.com/critics/source/100009659,
Lyles' Movie Files,https://www.rottentomatoes.com/critics/source/2458,Jeffrey Lyles
The Lamplight Review,https://www.rottentomatoes.com/critics/source/3186,"Brent Hankins, Kyle Wilson"
The Last Thing I See,https://www.rottentomatoes.com/critics/source/3734,Brent McKnight
The Latino Slant,https://www.rottentomatoes.com/critics/source/100010001,Rosa Parra
The List,https://www.rottentomatoes.com/critics/source/2443,
The Lonely Film Critic,https://www.rottentomatoes.com/critics/source/3155,Tomas Trussow
The Long Take Podcast,https://www.rottentomatoes.com/critics/source/100009746,Akhil Arora
MacGuffin or Meaning (Substack),https://www.rottentomatoes.com/critics/source/100010327,Alise Chaffins
Mac the Movie Guy,https://www.rottentomatoes.com/critics/source/100010321,John Stark
Mad About Movies Podcast,https://www.rottentomatoes.com/critics/source/3256,
MaitlandOnMovies (Substack),https://www.rottentomatoes.com/critics/source/100010150,Maitland McDonagh
Mama's Geeky,https://www.rottentomatoes.com/critics/source/3454,"David Gonzalez, Jeff Ewing, Jonita Davis, Tessa Smith"
Mark Reviews Movies,https://www.rottentomatoes.com/critics/source/958,Mark Dujsik
martincarr.co.uk,https://www.rottentomatoes.com/critics/source/100009785,Martin Carr
Mashable,https://www.rottentomatoes.com/critics/source/2685,
Matinee With Matt,https://www.rottentomatoes.com/critics/source/100009840,Matthew Creith
Mat's Entertainment,https://www.rottentomatoes.com/critics/source/3989,Mathew DeKinder
Matt Donato (Authory),https://www.rottentomatoes.com/critics/source/100010076,Matt Donato
MattPais.com,https://www.rottentomatoes.com/critics/source/2827,Matt Pais
Maven's Nest,https://www.rottentomatoes.com/critics/source/2686,Nora Lee Mandel
Maximum Hype (YouTube),https://www.rottentomatoes.com/critics/source/4038,Nicholas Oon
MediaMikes,https://www.rottentomatoes.com/critics/source/2422,Michael A. Smith
Mediaversity Reviews,https://www.rottentomatoes.com/critics/source/3166,
Medium Popcorn,https://www.rottentomatoes.com/critics/source/3095,
Me gusta el cine,https://www.rottentomatoes.com/critics/source/2840,Sebastian Zavala Kahn
MeierMovies.com,https://www.rottentomatoes.com/critics/source/3633,Cameron Meier
Memphis Flyer,https://www.rottentomatoes.com/critics/source/284,Chris McCoy
Metro,https://www.rottentomatoes.com/critics/source/1850,
Metro Arts,https://www.rottentomatoes.com/critics/source/3566,Michael J. Casey
metro.co.uk,https://www.rottentomatoes.com/critics/source/3868,
Metro Silicon Valley,https://www.rottentomatoes.com/critics/source/100009892,Jeffrey Edalatpour
"Metro Times (Detroit, MI)",https://www.rottentomatoes.com/critics/source/495,
"Metro Weekly (Washington, DC)",https://www.rottentomatoes.com/critics/source/1511,"André Hereford, Randy Shulman"
MiamiArtZine,https://www.rottentomatoes.com/critics/source/3039,Rubén Rosario
Miami Herald,https://www.rottentomatoes.com/critics/source/581,
Michael J. Cinema,https://www.rottentomatoes.com/critics/source/3567,Michael J. Casey
Middle East Eye,https://www.rottentomatoes.com/critics/source/4024,Joseph Fahim
Midnight East,https://www.rottentomatoes.com/critics/source/100009674,Ayelet Dekel
Midwest Film Journal,https://www.rottentomatoes.com/critics/source/2952,"Aly Caviness, Evan Dossey, Joshua Polanski, Nick Rogers"
Minneapolis Star Tribune,https://www.rottentomatoes.com/critics/source/648,
Montevideo Portal / Latido Beat,https://www.rottentomatoes.com/critics/source/100009986,Nicolás Medina
Montreal Gazette,https://www.rottentomatoes.com/critics/source/674,
Morbidly Beautiful,https://www.rottentomatoes.com/critics/source/3822,"Nathaniel Muir, Stephanie Malone"
Morning Star (UK),https://www.rottentomatoes.com/critics/source/100010120,Rita Di Santo
Mortal Cinema (Substack),https://www.rottentomatoes.com/critics/source/100010308,Luke Y. Thompson
"Mountain Xpress (Asheville, NC)",https://www.rottentomatoes.com/critics/source/1020,"Edwin Arnaudin, Francis X. Friel, Ken Hanke, Marcianne Miller"
Moveable Fest,https://www.rottentomatoes.com/critics/source/3124,Stephen Saito
Movie-Blogger.com,https://www.rottentomatoes.com/critics/source/3977,"Federico Furzan, Paul Emmanuel Enicola"
Moviebob Central,https://www.rottentomatoes.com/critics/source/3222,Bob Chipman
Movie Brief,https://www.rottentomatoes.com/critics/source/100010301,Michael Nordine
MovieCrypt.com,https://www.rottentomatoes.com/critics/source/983,Kevin A. Ranson
Movie Files,https://www.rottentomatoes.com/critics/source/100009800,Elliott Collins
Moviefone,https://www.rottentomatoes.com/critics/source/1447,"Jason Gorber, Jenna Busch, Marya E. Gates, Matt Atchity, Tessa Smith, Todd Gilchrist"
MovieFreak.com,https://www.rottentomatoes.com/critics/source/1411,"Dan Scully, Sara Michelle Fetters"
Moviegoing with Bill,https://www.rottentomatoes.com/critics/source/3568,Bill Arceneaux
MovieJawn,https://www.rottentomatoes.com/critics/source/3013,
Movie Madness Podcast,https://www.rottentomatoes.com/critics/source/100009627,Erik Childress
Movie Marker,https://www.rottentomatoes.com/critics/source/3128,"Awais Irfan, Ben Rolph, Calum Cooper, Clotilde Chinnici, Connor Lightbody, Dallas King, Darryl Griffiths, Gavin Spoors, Hannah Strong, Jordan King"
Movie Mom,https://www.rottentomatoes.com/critics/source/300,Nell Minow
Movie Oubliette (Podcast),https://www.rottentomatoes.com/critics/source/100011551,Joe Lipsett
Moviepudding (Substack),https://www.rottentomatoes.com/critics/source/4064,Elissa Suh
MovieReelist.com,https://www.rottentomatoes.com/critics/source/3672,MontiLee Stormer
Movies and Munchies (YouTube),https://www.rottentomatoes.com/critics/source/100009678,Chris Joyce
Movies and Shakers,https://www.rottentomatoes.com/critics/source/3417,Linda and Al Lerner
Movies Ate My Life,https://www.rottentomatoes.com/critics/source/3659,Matt Neal
Movies For The Rest Of Us,https://www.rottentomatoes.com/critics/source/3792,Bill Newcott
Movie Show Plus,https://www.rottentomatoes.com/critics/source/3448,Tom Santilli
Movies in Focus,https://www.rottentomatoes.com/critics/source/3189,Niall Browne
Movie Squad (RTRFM 92.1),https://www.rottentomatoes.com/critics/source/3920,Simon Miraudo
Movies Thru the Spectrum,https://www.rottentomatoes.com/critics/source/100010070,Al Alexander
Movies We Texted About,https://www.rottentomatoes.com/critics/source/100010071,"Abe Friedtanzer, Alise Chaffins, Amelia Harvey, Calum Cooper, Carmen Paddock, Clotilde Chinnici, Connor Lightbody, James Preston Poole, Joonatan Itkonen, Joshua Ryan"
MovieWeb,https://www.rottentomatoes.com/critics/source/1421,"Britt Hayes, Chris Cabin, Christopher Null, David Reddish, Devin Faraci, Eric Goldman, Eric Meyerson, Jeremiah Kipp, Jericho Tadeo, Jesse Hassenger"
Ms. Magazine,https://www.rottentomatoes.com/critics/source/4005,"Aviva Dove-Viebahn, Margaret Sloan-Hunter, Michele Meek"
MSNBC,https://www.rottentomatoes.com/critics/source/320,
MullingMovies.com,https://www.rottentomatoes.com/critics/source/2916,Rain Jokinen
Multipotentiality,https://www.rottentomatoes.com/critics/source/100009653,Murjani Rawls
Multiverse of Color,https://www.rottentomatoes.com/critics/source/100009987,"Ben Rolph, Breeze Riley, Kyle Wilson, Lady Jenevia, Nadya Martinez"
mundoCine,https://www.rottentomatoes.com/critics/source/100011388,Marta Medina Pérez
Murder Made Fiction Podcast - Bloody Disgusting,https://www.rottentomatoes.com/critics/source/100010142,"Jenn Adams, Joe Lipsett"
Muses of Media,https://www.rottentomatoes.com/critics/source/100009610,"Britany Murphy, Ferdosa"
MUSE TV,https://www.rottentomatoes.com/critics/source/3652,Norman Gidney
My Champlain Valley,https://www.rottentomatoes.com/critics/source/3340,Julia Swift
My New Plaid Pants,https://www.rottentomatoes.com/critics/source/4003,Jason Adams
The MacGuffin,https://www.rottentomatoes.com/critics/source/2864,"Allen Almachar, Brooke Corso, Sarah Ksiazek"
The Mary Sue,https://www.rottentomatoes.com/critics/source/2774,
The Michael Medved Show,https://www.rottentomatoes.com/critics/source/3351,Michael Medved
The MontyVerse (YouTube),https://www.rottentomatoes.com/critics/source/100010320,Pat Bulfamante
The Movie Blog,https://www.rottentomatoes.com/critics/source/1999,"Anthony Whyte, Emmanuel Noisette, John Campea, Shah Shahid"
The Movie Buff,https://www.rottentomatoes.com/critics/source/100009823,"Bianca Garner, Hector A. Gonzalez, Paul Emmanuel Enicola"
The Movie Couple,https://www.rottentomatoes.com/critics/source/3992,
The Movie Cricket,https://www.rottentomatoes.com/critics/source/3000,Sean P. Means
The MovieMaven,https://www.rottentomatoes.com/critics/source/3305,Nathalia Aryani
The Movie Minute,https://www.rottentomatoes.com/critics/source/2201,Joanna Langfield
The Movie Podcast,https://www.rottentomatoes.com/critics/source/100009889,
The Movie Sleuth,https://www.rottentomatoes.com/critics/source/3229,"Michelle Kisner, Nate Adams"
The M Report (WBOC.com),https://www.rottentomatoes.com/critics/source/100010322,Marlon Wallace
A Nightmare On Fierce Street Podcast,https://www.rottentomatoes.com/critics/source/100009844,Sharai Bohannon
Nashville Scene,https://www.rottentomatoes.com/critics/source/323,
National Post,https://www.rottentomatoes.com/critics/source/325,
National Review,https://www.rottentomatoes.com/critics/source/995,"Armond White, Kyle Smith, Matthew Lickona, Megan Basham"
Native Viewpoint,https://www.rottentomatoes.com/critics/source/4110,Vincent Schilling
NDTV,https://www.rottentomatoes.com/critics/source/2651,"Anupama Chopra, Saibal Chatterjee"
Neil's Entertainment Picks,https://www.rottentomatoes.com/critics/source/2801,Neil Pond
Nerd Alert,https://www.rottentomatoes.com/critics/source/100009791,M.N. Miller
NERDBOT,https://www.rottentomatoes.com/critics/source/3704,"Bill Watters, Dana Han-Klein, Derrick Murray"
Nerdist,https://www.rottentomatoes.com/critics/source/2442,
Nerd It Here First (Substack),https://www.rottentomatoes.com/critics/source/100011613,Kay-B
Nerdly,https://www.rottentomatoes.com/critics/source/2980,Matthew Turner
Nerd Reactor,https://www.rottentomatoes.com/critics/source/3522,"John Nguyen, Laura Sirikul"
Nerdspin,https://www.rottentomatoes.com/critics/source/100009885,
Nestor Cine Desde Hollywood,https://www.rottentomatoes.com/critics/source/3517,Nestor Bentancor
Newcity,https://www.rottentomatoes.com/critics/source/65,Ray Pride
Newhouse News Service,https://www.rottentomatoes.com/critics/source/587,
Newport This Week (RI),https://www.rottentomatoes.com/critics/source/2315,Loren King
New Scientist,https://www.rottentomatoes.com/critics/source/3867,"Bethan Ackerley, Hanna Flint, Josh Bell, Linda Marric"
Newsday,https://www.rottentomatoes.com/critics/source/338,
"News & Observer (Raleigh, NC)",https://www.rottentomatoes.com/critics/source/657,
New Statesman,https://www.rottentomatoes.com/critics/source/2433,
Newsweek,https://www.rottentomatoes.com/critics/source/339,
New York Amsterdam News,https://www.rottentomatoes.com/critics/source/3038,Lapacazo Magrira Sandoval
New York Daily News,https://www.rottentomatoes.com/critics/source/586,
New York Magazine/Vulture,https://www.rottentomatoes.com/critics/source/334,
New York Post,https://www.rottentomatoes.com/critics/source/336,
New York Times,https://www.rottentomatoes.com/critics/source/337,
New Zealand Herald,https://www.rottentomatoes.com/critics/source/726,
Next Best Picture,https://www.rottentomatoes.com/critics/source/3046,
NEXT Magazine,https://www.rottentomatoes.com/critics/source/100010309,Prabhjot Bains
Niagara Gazette,https://www.rottentomatoes.com/critics/source/3469,Michael Calleri
Nightmare on Film Street,https://www.rottentomatoes.com/critics/source/3132,
NME (New Musical Express),https://www.rottentomatoes.com/critics/source/3240,
Nobody's Reading This But Me,https://www.rottentomatoes.com/critics/source/3512,Andiee Paviour
No Es En Serie,https://www.rottentomatoes.com/critics/source/2900,Sebastian Zavala Kahn
Nonfics (Substack),https://www.rottentomatoes.com/critics/source/2583,
North Shore Movies,https://www.rottentomatoes.com/critics/source/2261,"Daniel M. Kimmel, Sean Burns"
Not That Rob Thomas (Substack),https://www.rottentomatoes.com/critics/source/100010087,Rob Thomas
NOW Toronto,https://www.rottentomatoes.com/critics/source/2407,
NPR,https://www.rottentomatoes.com/critics/source/2070,
Nuha Hassan (Medium),https://www.rottentomatoes.com/critics/source/100009809,Nuha Hassan
NYC Movie Guru,https://www.rottentomatoes.com/critics/source/2162,Avi Offer
The Nation,https://www.rottentomatoes.com/critics/source/324,
The National (UAE),https://www.rottentomatoes.com/critics/source/2425,
The Nerds of Color,https://www.rottentomatoes.com/critics/source/3682,"Constance Gibbs, Laura Sirikul, Swara Salih, Valerie Complex"
The New Arab,https://www.rottentomatoes.com/critics/source/3954,"Hanna Flint, Swara Salih"
The New Indian Express,https://www.rottentomatoes.com/critics/source/2695,"Namrata Joshi, Udita Jhunjhunwala"
The Newnan Times-Herald,https://www.rottentomatoes.com/critics/source/2725,Jonathan W. Hickman
The New Paper (Singapore),https://www.rottentomatoes.com/critics/source/2899,
The New Republic,https://www.rottentomatoes.com/critics/source/431,
"The News-Herald (Willoughby, OH)",https://www.rottentomatoes.com/critics/source/3916,Mark Meszoros
The New Yorker,https://www.rottentomatoes.com/critics/source/924,
The New York Review of Books,https://www.rottentomatoes.com/critics/source/532,
The Nightly (AU),https://www.rottentomatoes.com/critics/source/100010068,Wenlei Ma
Observer,https://www.rottentomatoes.com/critics/source/335,
Observer (UK),https://www.rottentomatoes.com/critics/source/1768,
OffColour.org,https://www.rottentomatoes.com/critics/source/100009657,"Aprillé Morris, M.X. Katyayani"
One Guy's Opinion,https://www.rottentomatoes.com/critics/source/347,Frank Swietek
One Heat Minute,https://www.rottentomatoes.com/critics/source/100009744,Blake Howard
Oregonian,https://www.rottentomatoes.com/critics/source/608,
Original Cin,https://www.rottentomatoes.com/critics/source/2876,
Orion's Shoulder (Substack),https://www.rottentomatoes.com/critics/source/100010128,Stephen A. Russell
Orlando Sentinel,https://www.rottentomatoes.com/critics/source/498,
Otroscines.com,https://www.rottentomatoes.com/critics/source/2766,
Ottawa Citizen,https://www.rottentomatoes.com/critics/source/500,
OTTplay,https://www.rottentomatoes.com/critics/source/100009784,Ishita Sengupta
OurQuadCities / WHBF-TV (Illinois),https://www.rottentomatoes.com/critics/source/3829,Linda Cook
Outlander TV News,https://www.rottentomatoes.com/critics/source/3265,Sarah Ksiazek
Out Magazine,https://www.rottentomatoes.com/critics/source/1885,
Outtake Mag,https://www.rottentomatoes.com/critics/source/3794,"Dallas King, James Hanton, Laura Potier"
The Only Critic,https://www.rottentomatoes.com/critics/source/3180,Nate Adams
The Outlaw Nation (Youtube),https://www.rottentomatoes.com/critics/source/4030,John Rocha
The Outside Scoop (Substack),https://www.rottentomatoes.com/critics/source/100009997,Scott Mendelson
Pajiba,https://www.rottentomatoes.com/critics/source/1676,
Parade Magazine,https://www.rottentomatoes.com/critics/source/2603,"Matthew Huff, Neil Pond, Samuel R. Murrian"
Paste Magazine,https://www.rottentomatoes.com/critics/source/2039,
Patheos,https://www.rottentomatoes.com/critics/source/2461,"Eve Tushnet, Jeffrey Overstreet, Peg Aloi, Rebecca Cusey, Sr. Rose Pacatte"
Pauline Media Studies,https://www.rottentomatoes.com/critics/source/3845,Hosea Rupprecht
Paul's Trip to the Movies,https://www.rottentomatoes.com/critics/source/3629,Paul McGuire Grimes
Peliplat,https://www.rottentomatoes.com/critics/source/100010311,"Nicolás Medina, Sara Clements"
People Magazine,https://www.rottentomatoes.com/critics/source/856,
People's World,https://www.rottentomatoes.com/critics/source/3183,Chauncey K. Robinson
Perri Nemiroff (YouTube),https://www.rottentomatoes.com/critics/source/2364,"Matt Donato, Perri Nemiroff"
Phantom Tollbooth,https://www.rottentomatoes.com/critics/source/359,"J. Robert Parks, Marie Asner"
Philadelphia Gay News,https://www.rottentomatoes.com/critics/source/2927,
Philadelphia Inquirer,https://www.rottentomatoes.com/critics/source/361,
Phoenix Film Festival,https://www.rottentomatoes.com/critics/source/3500,"Jeff Mitchell, Jen Johans"
Phoenix Magazine,https://www.rottentomatoes.com/critics/source/3619,M.V. Moorhead
Picture Lock,https://www.rottentomatoes.com/critics/source/100009682,Kevin Sampson
PinkNews,https://www.rottentomatoes.com/critics/source/100010148,Emily Maskell
Pittsburgh Magazine,https://www.rottentomatoes.com/critics/source/3142,Sean Collier
Pittsburgh Post-Gazette,https://www.rottentomatoes.com/critics/source/364,
Pittsburgh Tribune-Review,https://www.rottentomatoes.com/critics/source/809,Rob Owen
Planet S Magazine,https://www.rottentomatoes.com/critics/source/595,"Jon Popick, Jorge Ignacio Castillo"
POC Culture,https://www.rottentomatoes.com/critics/source/100009679,"Jorgie Rodriguez, Katie Smith-Wong, Ron Seoul-Oh"
Polygon,https://www.rottentomatoes.com/critics/source/2843,
Pop Culture Happy Hour (NPR Podcast),https://www.rottentomatoes.com/critics/source/100011471,
Pop Culture Leftovers,https://www.rottentomatoes.com/critics/source/3487,
Pop Culture Maniacs,https://www.rottentomatoes.com/critics/source/3818,Jean Henegan
Pop Culture Planet,https://www.rottentomatoes.com/critics/source/4091,Kristen Maldonado
Pop Culture Reviews,https://www.rottentomatoes.com/critics/source/100010102,Brittany Patrice Witherspoon
Pop Heist,https://www.rottentomatoes.com/critics/source/100010300,"Brett White, Connor Lightbody, Matthew Jackson, Max Covill"
PopLifeSTL,https://www.rottentomatoes.com/critics/source/4049,Lynn Venhaus
PopMatters,https://www.rottentomatoes.com/critics/source/368,
Popternative,https://www.rottentomatoes.com/critics/source/100009980,Tessa Smith
POV Magazine,https://www.rottentomatoes.com/critics/source/2775,
Pride.com,https://www.rottentomatoes.com/critics/source/3594,"Rachel Shatto, Raffy Ermac, Valerie Complex"
Processed Media,https://www.rottentomatoes.com/critics/source/3627,Randy Dankievitch
Próxima Tanda (Substack),https://www.rottentomatoes.com/critics/source/2934,Mario Alegre
Psychocinematography,https://www.rottentomatoes.com/critics/source/3810,Pieter-Jan Van Haecke
Puesta en Escena (AR),https://www.rottentomatoes.com/critics/source/100009990,Denise Pieniazek
Punch Drunk Critics,https://www.rottentomatoes.com/critics/source/2787,"Julian Lytle, Mae Abdulbaki, Roxana Hadadi, Travis Hopson"
Purple Hour,https://www.rottentomatoes.com/critics/source/100011560,Olivia Popp
The People's Movies,https://www.rottentomatoes.com/critics/source/3396,"Amelia Harvey, Calum Cooper, Clotilde Chinnici, Dallas King, Freda Cooper, Rebecca Sayce, Victoria Luxford"
The Philadelphia Tribune,https://www.rottentomatoes.com/critics/source/3918,Kathia Woods
The Pink Lens,https://www.rottentomatoes.com/critics/source/4051,Ben Turner
The Pitch,https://www.rottentomatoes.com/critics/source/773,"Abby Olcese, Dan Lybarger, Eric Melin, Jon Niccum, Katey Stoetzel"
The Playlist,https://www.rottentomatoes.com/critics/source/2100,
The Pop Break,https://www.rottentomatoes.com/critics/source/3330,"Marisa Carpico, Murjani Rawls"
The Post NZ,https://www.rottentomatoes.com/critics/source/1323,
The Progressive,https://www.rottentomatoes.com/critics/source/1502,"Asher Luberto, Joe George, Kimberly Gadette, Michael Atkinson"
QBP Reviews,https://www.rottentomatoes.com/critics/source/3216,Amyana Bartley
QiiBO,https://www.rottentomatoes.com/critics/source/2817,Jorge Rivera Rubio
Q+ Magazine,https://www.rottentomatoes.com/critics/source/100010108,Alex Valencia
Q Network Film Desk,https://www.rottentomatoes.com/critics/source/732,James Kendrick
Queer.Horror.Movies.,https://www.rottentomatoes.com/critics/source/3134,"Jenn Adams, Joe Lipsett, Terry Mesnard"
Quelle Movies,https://www.rottentomatoes.com/critics/source/3085,"Daniel Eagan, Raquel Stecher"
The Queer Gaze (Podcast),https://www.rottentomatoes.com/critics/source/100010126,Joe Lipsett
The Queer Review,https://www.rottentomatoes.com/critics/source/3722,"Eric Langberg, James Kleinmann"
A Reel of One's Own,https://www.rottentomatoes.com/critics/source/3374,Andrea Thompson
rachelsreviews.net,https://www.rottentomatoes.com/critics/source/3346,Rachel Wagner
Rachel's Reviews (YouTube),https://www.rottentomatoes.com/critics/source/3347,Rachel Wagner
Radio Times,https://www.rottentomatoes.com/critics/source/2290,
Radio Universo,https://www.rottentomatoes.com/critics/source/100010326,Agustín Pérez
Ramble On With Buffa (Substack),https://www.rottentomatoes.com/critics/source/100009727,Dan Buffa
RANGE Magazine,https://www.rottentomatoes.com/critics/source/100010079,Prabhjot Bains
Reactor,https://www.rottentomatoes.com/critics/source/3104,"Emmet Asher-Perrin, Kathryn Porter, Leah Schnelbach, Molly Templeton, Monita Roy Mohan"
Ready Steady Cut,https://www.rottentomatoes.com/critics/source/3725,
Reality Blurred,https://www.rottentomatoes.com/critics/source/3620,Andy Dehnart
Reason Online,https://www.rottentomatoes.com/critics/source/1054,"A.S. Hamrah, Glenn Garvin, Kurt Loder, Matthew Rozsa"
rec.arts.movies.reviews,https://www.rottentomatoes.com/critics/source/381,"Andrew Wright, Bill Clark, Bob Bloom, Brian Orndorf, Chris Bumbray, David N. Butterworth, David Nusair, Dragan Antulov, Drew McWeeny, Eric Lurio"
Rediff.com,https://www.rottentomatoes.com/critics/source/664,"Jeet Thayil, Sukanya Verma"
Reel Film Reviews,https://www.rottentomatoes.com/critics/source/1140,David Nusair
Reeling Reviews,https://www.rottentomatoes.com/critics/source/386,"Laura Clifford, Robin Clifford"
Reel Reviews,https://www.rottentomatoes.com/critics/source/1334,Frank Wilkins
Reel Talk with Chuck and Pam,https://www.rottentomatoes.com/critics/source/3848,"Charles Koplinski, Pamela Powell"
ReelViews,https://www.rottentomatoes.com/critics/source/387,
Refinery29,https://www.rottentomatoes.com/critics/source/2859,
reggieponder.com,https://www.rottentomatoes.com/critics/source/3317,Reginald Ponder
Region Free,https://www.rottentomatoes.com/critics/source/100010092,Joonatan Itkonen
Remezcla,https://www.rottentomatoes.com/critics/source/2933,
Rendy Reviews,https://www.rottentomatoes.com/critics/source/3099,Rendy Jones
Reno News and Review,https://www.rottentomatoes.com/critics/source/1017,Bob Grimm
Review Nation,https://www.rottentomatoes.com/critics/source/3761,Derek Sante
ReviewSTL.com,https://www.rottentomatoes.com/critics/source/3910,Kevin Brackett
Richard Crouse,https://www.rottentomatoes.com/critics/source/3900,Richard Crouse
Richard Roeper.com,https://www.rottentomatoes.com/critics/source/2163,
Rincón de cine,https://www.rottentomatoes.com/critics/source/209,Laura Hiros
RIOTUS,https://www.rottentomatoes.com/critics/source/100010062,"Julian Lytle, Mae Abdulbaki, Sherin Nicole"
Ripple Effects,https://www.rottentomatoes.com/critics/source/3135,Diana Cheng
Rob's Movie Vault,https://www.rottentomatoes.com/critics/source/100009697,Rob Gonsalves
Rochester Democrat and Chronicle,https://www.rottentomatoes.com/critics/source/394,"Bill Muller, Eleanor O'Sullivan, Jack Garner, Marshall Fine"
RogerEbert.com,https://www.rottentomatoes.com/critics/source/1708,
Rogers TV,https://www.rottentomatoes.com/critics/source/3830,Eric Marchen
Rolling Stone,https://www.rottentomatoes.com/critics/source/397,
Rolling Stone UK,https://www.rottentomatoes.com/critics/source/100011547,Anna Smith
Rough Draft Atlanta,https://www.rottentomatoes.com/critics/source/100010328,Sammie Purcell
RTÉ (Ireland),https://www.rottentomatoes.com/critics/source/1149,
Rue Morgue Magazine,https://www.rottentomatoes.com/critics/source/1456,"Asher Luberto, Barrett Hooper, Carolyn Mauricette, Cass Clarke, Chris Alexander, Dave Alexander, Deirdre Crimmins, Dev Shea, Isaac Feldberg, Jenn Adams"
The Rapidian,https://www.rottentomatoes.com/critics/source/100011542,Joshua Polanski
"The Reader (Omaha, NE)",https://www.rottentomatoes.com/critics/source/1045,Ryan Syrek
The Reveal,https://www.rottentomatoes.com/critics/source/4069,"Keith Phipps, Scott Tobias"
The Review Geek,https://www.rottentomatoes.com/critics/source/100010121,Ally Ham
The Ringer,https://www.rottentomatoes.com/critics/source/2834,
Sacramento Bee,https://www.rottentomatoes.com/critics/source/398,
Salon.com,https://www.rottentomatoes.com/critics/source/400,
San Francisco Chronicle,https://www.rottentomatoes.com/critics/source/402,
San Francisco Examiner,https://www.rottentomatoes.com/critics/source/403,
San Jose Mercury News,https://www.rottentomatoes.com/critics/source/601,
Santa Monica Mirror,https://www.rottentomatoes.com/critics/source/1219,Dolores Quintana
Sarah G Vincent Views,https://www.rottentomatoes.com/critics/source/100009879,Sarah Vincent
Sarah's Backstage Pass,https://www.rottentomatoes.com/critics/source/2995,Sarah Knight Adamson
sbs.is,https://www.rottentomatoes.com/critics/source/1098,Stefan Birgir Stefans
ScaredSheepless.com,https://www.rottentomatoes.com/critics/source/100009670,Caitlyn Downs
SciFiNow,https://www.rottentomatoes.com/critics/source/2489,
Scotsman,https://www.rottentomatoes.com/critics/source/1211,
ScreenAnarchy,https://www.rottentomatoes.com/critics/source/1703,
ScreenCrush,https://www.rottentomatoes.com/critics/source/2449,
ScreenHub,https://www.rottentomatoes.com/critics/source/3493,"Adrian Martin, Anthony Morris, Glenn Dunks, Mel Campbell, Sarah Ward, Stephen A. Russell, Thomas Caldwell"
Screen International,https://www.rottentomatoes.com/critics/source/1069,
Screenopolis,https://www.rottentomatoes.com/critics/source/100010154,"Alyse Wax, Tyler Doupe"
Screen Queens,https://www.rottentomatoes.com/critics/source/3088,"Britany Murphy, Caitlin Kennedy, Carmen Paddock, Caroline Madden, Cathy Brennan, Chloe Leeson, Daisy Leigh-Phippard, Hannah Ryan, Katie Duggan, Kelechi Ehenulo"
Screen Rant,https://www.rottentomatoes.com/critics/source/1647,
Screen Realm,https://www.rottentomatoes.com/critics/source/100011396,Guillermo Troncoso
Screen Rex,https://www.rottentomatoes.com/critics/source/3377,"Hannah Lodge, Kyle Pinion"
Screen-Space (Substack),https://www.rottentomatoes.com/critics/source/2451,Simon Foster
Screen Speck,https://www.rottentomatoes.com/critics/source/100009614,"Ileana Meléndez, Josie Meléndez"
Screensphere,https://www.rottentomatoes.com/critics/source/100010307,"Awais Irfan, Connor Lightbody, Stefania Sarrubba"
Screen Zealots,https://www.rottentomatoes.com/critics/source/3320,Louisa Moore
Scroll.in,https://www.rottentomatoes.com/critics/source/2698,
ScullyVision,https://www.rottentomatoes.com/critics/source/4022,"Dan Scully, Gary M. Kramer"
Sean Chandler Talks About,https://www.rottentomatoes.com/critics/source/3527,Sean Chandler
Seattle Film Blog,https://www.rottentomatoes.com/critics/source/3395,Kathy Fennessy
Seattle Refined,https://www.rottentomatoes.com/critics/source/3890,Candice McMillan
Seattle Screen Scene,https://www.rottentomatoes.com/critics/source/3714,Sean Gilman
Seattle Times,https://www.rottentomatoes.com/critics/source/505,
Sensacine,https://www.rottentomatoes.com/critics/source/2655,
Seven Days (VT),https://www.rottentomatoes.com/critics/source/2240,
Seventh Art Studio,https://www.rottentomatoes.com/critics/source/3813,Victor Pineyro
Seventh Row,https://www.rottentomatoes.com/critics/source/2860,
SFX Magazine,https://www.rottentomatoes.com/critics/source/2152,
Shade Studios,https://www.rottentomatoes.com/critics/source/100011395,"Alfred Castaneda, Marissa Hill"
Shadows on the Wall,https://www.rottentomatoes.com/critics/source/929,"Derek Malcolm, Rich Cline"
Shakefire,https://www.rottentomatoes.com/critics/source/3154,Matt Rodriguez
She Likes Movies,https://www.rottentomatoes.com/critics/source/3590,Katie Hogan
SHIFTER,https://www.rottentomatoes.com/critics/source/3413,"Kevin Bourne, Vladimir Jean-Gilles"
Should I See It,https://www.rottentomatoes.com/critics/source/3295,Michael Ward
Showbiz 411,https://www.rottentomatoes.com/critics/source/2344,"Leah Sydney, Roger Friedman"
Showbiz Junkies,https://www.rottentomatoes.com/critics/source/2569,Rebecca Murray
Show Snob,https://www.rottentomatoes.com/critics/source/100011456,"Louis Skye (Ronita Roy Mohan), Monita Roy Mohan, Shay McBryde"
Sight & Sound,https://www.rottentomatoes.com/critics/source/805,
Silver Screen Riot,https://www.rottentomatoes.com/critics/source/3261,Matt Oakes
Simply Cinema (Substack),https://www.rottentomatoes.com/critics/source/100011550,Caitlin Kennedy
Sioux City Journal,https://www.rottentomatoes.com/critics/source/3624,Bruce R. Miller
Slant Magazine,https://www.rottentomatoes.com/critics/source/821,
Slashfilm,https://www.rottentomatoes.com/critics/source/1996,
Slate,https://www.rottentomatoes.com/critics/source/419,
Smash Cut Reviews,https://www.rottentomatoes.com/critics/source/3521,"Karl Delossantos, Matthew Huff, Ryan Oquiza"
Solzy at the Movies,https://www.rottentomatoes.com/critics/source/2921,Danielle Solzman
Soundsphere,https://www.rottentomatoes.com/critics/source/100011559,Stefania Sarrubba
South China Morning Post,https://www.rottentomatoes.com/critics/source/2753,
South Florida Sun-Sentinel,https://www.rottentomatoes.com/critics/source/506,
Spectrum Culture,https://www.rottentomatoes.com/critics/source/2923,
Spin,https://www.rottentomatoes.com/critics/source/2851,"Andy Greenwald, David Harris, Elvis Mitchell, Emily Yoshida, Manohla Dargis, Michael Atkinson, Nicholas Bell, Steve Erickson, Troy Patterson"
Spirituality & Practice,https://www.rottentomatoes.com/critics/source/686,Frederic and Mary Ann Brussat
Spliced Personality,https://www.rottentomatoes.com/critics/source/2690,Sean Burns
SPLICEDWire,https://www.rottentomatoes.com/critics/source/425,"Jeffrey M. Anderson, Rob Blackwelder"
Splice Today,https://www.rottentomatoes.com/critics/source/2854,"Noah Berlatsky, Stephen Silver"
Spokesman-Review (Washington),https://www.rottentomatoes.com/critics/source/1064,Dan Webster
SpookyAstronauts,https://www.rottentomatoes.com/critics/source/3807,Emma Wolfe
SSG Syndicate,https://www.rottentomatoes.com/critics/source/1946,Susan Granger
Stabroek News,https://www.rottentomatoes.com/critics/source/3473,Andrew Kendall
Starburst,https://www.rottentomatoes.com/critics/source/2424,
Status News,https://www.rottentomatoes.com/critics/source/100011558,Brian Lowry
Stereo Geeks (Podcast),https://www.rottentomatoes.com/critics/source/100010332,"Louis Skye (Ronita Roy Mohan), Monita Roy Mohan"
St. Louis Post-Dispatch,https://www.rottentomatoes.com/critics/source/429,
Stream on Demand,https://www.rottentomatoes.com/critics/source/2836,Sean Axmaker
Strong Female Antagonist,https://www.rottentomatoes.com/critics/source/100009698,Jenn Adams
"Style Weekly (Richmond, VA)",https://www.rottentomatoes.com/critics/source/1612,"Chuck Bowen, Thomas Peyser"
Subculture Entertainment,https://www.rottentomatoes.com/critics/source/100009826,David Griffiths
Substream Magazine,https://www.rottentomatoes.com/critics/source/3053,"Kt Schaefer, Leigh Monson, Murjani Rawls"
Sucharita Tyagi (YouTube),https://www.rottentomatoes.com/critics/source/100011459,Sucharita Tyagi
Sunday Independent (Ireland),https://www.rottentomatoes.com/critics/source/2743,
Sunday Times (UK),https://www.rottentomatoes.com/critics/source/437,
Sunshine State Cineplex,https://www.rottentomatoes.com/critics/source/3172,"Alan French, Joshua Ryan"
Sydney Morning Herald,https://www.rottentomatoes.com/critics/source/1354,
Syntell (YouTube),https://www.rottentomatoes.com/critics/source/100011463,Trey Murphy
The Sacramento Observer,https://www.rottentomatoes.com/critics/source/100010155,Kathia Woods
The Saturday Evening Post,https://www.rottentomatoes.com/critics/source/3791,Bill Newcott
The Scarecrow,https://www.rottentomatoes.com/critics/source/3599,Robert Horton
The Scarlett Woman (Substack),https://www.rottentomatoes.com/critics/source/100010091,Scarlett Harris
The Screen,https://www.rottentomatoes.com/critics/source/100009801,Akos Peterbencze
The Screen Show (ABC Radio Australia),https://www.rottentomatoes.com/critics/source/100009769,Jason Di Rosso
The Skinny,https://www.rottentomatoes.com/critics/source/2316,
The Smash List,https://www.rottentomatoes.com/critics/source/100010310,Lindsay Traves
The Spectator,https://www.rottentomatoes.com/critics/source/2568,
The Spool,https://www.rottentomatoes.com/critics/source/3179,
The SS Ben Hecht,https://www.rottentomatoes.com/critics/source/100009886,Stephen Silver
The Straits Times (Singapore),https://www.rottentomatoes.com/critics/source/720,
"The Stranger (Seattle, WA)",https://www.rottentomatoes.com/critics/source/1640,
The Sunday Age,https://www.rottentomatoes.com/critics/source/2447,
The Sun-Herald (Australia),https://www.rottentomatoes.com/critics/source/2428,
The Sun (UK),https://www.rottentomatoes.com/critics/source/1759,
Taipei Mansions,https://www.rottentomatoes.com/critics/source/100011539,Ryan Swen
Tait's Take (YouTube),https://www.rottentomatoes.com/critics/source/100010334,Chris Tait
TAKE ONE Magazine,https://www.rottentomatoes.com/critics/source/3654,"Calum Cooper, Carmen Paddock, Cathy Brennan, Connor Lightbody, Jim Ross, Katie Duggan"
Tales from the Paulside,https://www.rottentomatoes.com/critics/source/100009810,Paul Lê
Talking Films,https://www.rottentomatoes.com/critics/source/100010059,"Casey Chong, Dipankar Sarkar, Manuel São Bento, Rebecca Johnson, Rhys Bowen Jones, Tom Beasley"
Tampa Bay Newspapers,https://www.rottentomatoes.com/critics/source/100009850,Lee Zumpe
Tampa Bay Times,https://www.rottentomatoes.com/critics/source/1457,
Tampa Tribune,https://www.rottentomatoes.com/critics/source/1077,"Bob Ross, Walt Belcher"
Tech Advisor,https://www.rottentomatoes.com/critics/source/100011544,"Amelia Emberwing, Christopher Connor, David Opie"
TechRadar,https://www.rottentomatoes.com/critics/source/3979,"Lucy Buglass, Stephen Lambrechts"
Teen Vogue,https://www.rottentomatoes.com/critics/source/3008,"Candice Frederick, Jae-Ha Kim, Joi Childs"
Tell-Tale TV,https://www.rottentomatoes.com/critics/source/2987,
Tellyvisions,https://www.rottentomatoes.com/critics/source/100009902,"Amy Amatangelo, Lacy Baugher, Tara Bennett"
terrencetodd.com,https://www.rottentomatoes.com/critics/source/100009893,tt stern-enzi
That Hashtag Show,https://www.rottentomatoes.com/critics/source/100009814,"Amelia Harvey, Jeff Ewing, Taylor Gates, Tessa Smith"
That Shelf,https://www.rottentomatoes.com/critics/source/2642,
TheArtsStl,https://www.rottentomatoes.com/critics/source/3140,Sarah Boslaugh
TheIndependentCritic.com,https://www.rottentomatoes.com/critics/source/3826,Richard Propes
them.,https://www.rottentomatoes.com/critics/source/3025,
TheMovieReport.com,https://www.rottentomatoes.com/critics/source/636,Michael Dequina
There Were No Gods Left,https://www.rottentomatoes.com/critics/source/100010110,Joshua Polanski
The Take-Up,https://www.rottentomatoes.com/critics/source/100009753,Andrew Wyatt
The Taos News,https://www.rottentomatoes.com/critics/source/100009848,Rick Romancito
The Times of India,https://www.rottentomatoes.com/critics/source/2645,
The Times (UK),https://www.rottentomatoes.com/critics/source/823,
The Travers Take,https://www.rottentomatoes.com/critics/source/100011555,Peter Travers
The Treatment (Substack),https://www.rottentomatoes.com/critics/source/100011460,Charlotte Simmons
The Tyee (British Columbia),https://www.rottentomatoes.com/critics/source/2861,"Dorothy Woodend, Frederick Blichert"
TheWrap,https://www.rottentomatoes.com/critics/source/2205,
Third Coast Review,https://www.rottentomatoes.com/critics/source/3477,"Lisa Trifone, Steven Prokopy"
"Thirty, Flirty + Film",https://www.rottentomatoes.com/critics/source/3956,"Cate Young, Zosha Millman"
This Chix Flix,https://www.rottentomatoes.com/critics/source/3990,Susan Kamyab
This is Film,https://www.rottentomatoes.com/critics/source/3464,"Nadine Whitney, Peter Gray"
This is For Reel,https://www.rottentomatoes.com/critics/source/100010331,Derrick Murray
THN,https://www.rottentomatoes.com/critics/source/3062,"Andrew Gaudion, Freda Cooper, Kat Hughes"
TIME Magazine,https://www.rottentomatoes.com/critics/source/448,
Time Out,https://www.rottentomatoes.com/critics/source/1651,
Times of Israel,https://www.rottentomatoes.com/critics/source/2901,"Jordan Hoffman, Matt Goldberg"
Times-Picayune,https://www.rottentomatoes.com/critics/source/2246,
Tom & Lorenzo,https://www.rottentomatoes.com/critics/source/2989,Tom Fitzgerald and Lorenzo Marquez
Tom's Guide,https://www.rottentomatoes.com/critics/source/100010074,Josh Bell
Tony Baker Comedy,https://www.rottentomatoes.com/critics/source/3091,Tony Baker
tonymedley.com,https://www.rottentomatoes.com/critics/source/1608,Tony Medley
Toronto Star,https://www.rottentomatoes.com/critics/source/450,
Total Film,https://www.rottentomatoes.com/critics/source/451,
trans|cendental cinema,https://www.rottentomatoes.com/critics/source/100010090,Mattie Lucas
Tribune News Service,https://www.rottentomatoes.com/critics/source/2448,
Truthdig,https://www.rottentomatoes.com/critics/source/2696,"Carrie Rickey, Jordan Riefe, Richard Schickel, Siddhant Adlakha"
Tulsa World,https://www.rottentomatoes.com/critics/source/2091,
TVBrittanyF.com,https://www.rottentomatoes.com/critics/source/100010113,Brittany Frederick
TV Fanatic,https://www.rottentomatoes.com/critics/source/2500,
TV Guide,https://www.rottentomatoes.com/critics/source/2501,
TV Insider,https://www.rottentomatoes.com/critics/source/2635,"Linda Maleh, Matt Roush, Roger Catlin"
TV Line,https://www.rottentomatoes.com/critics/source/2546,
Ty Burr's Watch List (Substack),https://www.rottentomatoes.com/critics/source/4071,Ty Burr
The Upcoming,https://www.rottentomatoes.com/critics/source/3909,"Andrew Murray, Emma-Jane Betts"
Uncut Magazine [UK],https://www.rottentomatoes.com/critics/source/2040,
Under the Radar,https://www.rottentomatoes.com/critics/source/2523,
United Press International,https://www.rottentomatoes.com/critics/source/2795,
Unruly Folk,https://www.rottentomatoes.com/critics/source/100011402,Khai Rated
Untitled Movie Podcast,https://www.rottentomatoes.com/critics/source/3831,Eric Marchen
Upcoming Horror Movies,https://www.rottentomatoes.com/critics/source/100011386,Meredith Jill Brown
Upper Stall,https://www.rottentomatoes.com/critics/source/100011457,Dipankar Sarkar
USA Today,https://www.rottentomatoes.com/critics/source/464,
The Verge,https://www.rottentomatoes.com/critics/source/2525,
Vague Visages,https://www.rottentomatoes.com/critics/source/3030,
Vanguard Culture,https://www.rottentomatoes.com/critics/source/100011540,Beth Accomando
Vanity Fair,https://www.rottentomatoes.com/critics/source/2183,
Vanyaland,https://www.rottentomatoes.com/critics/source/3294,Nick Johnston
Variety,https://www.rottentomatoes.com/critics/source/466,
Ventana Indiscreta,https://www.rottentomatoes.com/critics/source/3673,Sebastian Zavala Kahn
"Victoria Times Colonist (B.C., Canada)",https://www.rottentomatoes.com/critics/source/1060,Michael D. Reid
Video Librarian Magazine,https://www.rottentomatoes.com/critics/source/469,"Ally Ham, Caroline Madden, Kathy Fennessy, Susan Granger"
View From The Dark,https://www.rottentomatoes.com/critics/source/3481,Carolyn Mauricette
VisAbleBlackwoman (Medium),https://www.rottentomatoes.com/critics/source/100009828,Jeanine T. Abraham
VitalThrills.com,https://www.rottentomatoes.com/critics/source/3515,"Alan Cerny, Jenna Busch, Joshua Starnes, Sarah Musnicky"
Vogue,https://www.rottentomatoes.com/critics/source/2800,
Voice Magazine,https://www.rottentomatoes.com/critics/source/100010151,Tom Beasley
The Wandering Screen (YouTube),https://www.rottentomatoes.com/critics/source/100011455,Matthew Koss
The Weekend Warrior (Substack),https://www.rottentomatoes.com/critics/source/2716,Edward Douglas
The Wee Review,https://www.rottentomatoes.com/critics/source/3525,"James Hanton, Kevin Wight"
The Wire (INDIA),https://www.rottentomatoes.com/critics/source/100009792,Tatsam Mukherjee
The Wolfman Cometh,https://www.rottentomatoes.com/critics/source/3483,Patrick Cavanaugh
Wall Street Journal,https://www.rottentomatoes.com/critics/source/841,
Warped Perspective,https://www.rottentomatoes.com/critics/source/3771,Keri O'Shea
Washington Blade,https://www.rottentomatoes.com/critics/source/100009642,
Washington City Paper,https://www.rottentomatoes.com/critics/source/1971,
Washington Post,https://www.rottentomatoes.com/critics/source/474,
WBAI Radio,https://www.rottentomatoes.com/critics/source/611,Prairie Miller
WBAL-TV (Baltimore),https://www.rottentomatoes.com/critics/source/3241,Lauren Veneziani
"WBGR-FM (93.7 FM - Monroe, WI)",https://www.rottentomatoes.com/critics/source/3678,Patrick McDonald
WBUR’s Arts & Culture,https://www.rottentomatoes.com/critics/source/2683,"Sean Burns, Tom Meek"
We Are Movie Geeks,https://www.rottentomatoes.com/critics/source/3426,Cate Marquis
Webster-Kirkwood Times,https://www.rottentomatoes.com/critics/source/4046,Lynn Venhaus
We Got This Covered,https://www.rottentomatoes.com/critics/source/2481,
We Have a Hulk,https://www.rottentomatoes.com/critics/source/3587,"Laura Potier, Nicola Austin"
WeHo Times,https://www.rottentomatoes.com/critics/source/100011472,Jeff Nelson
We Live Entertainment,https://www.rottentomatoes.com/critics/source/2789,"Aaron Neuwirth, Abe Friedtanzer, Adriana Gomez-Weston, Alan French, Ashley Menzel, Audrey Fox, Catherine Springer, Fred Topel, JimmyO, Karen M. Peterson"
We're Watching What?!,https://www.rottentomatoes.com/critics/source/100009584,Dana Han-Klein
What a Scream Podcast,https://www.rottentomatoes.com/critics/source/100010115,"Rebecca Sayce, Ygraine Hackett-Cantabrana"
What I Watched Tonight,https://www.rottentomatoes.com/critics/source/3181,Matt Hudson
What's Alan Watching? (Ghost.io),https://www.rottentomatoes.com/critics/source/100011548,Alan Sepinwall
What She Said,https://www.rottentomatoes.com/critics/source/3077,Anne Brodie
What To Watch,https://www.rottentomatoes.com/critics/source/3784,
When Things Go Pop,https://www.rottentomatoes.com/critics/source/100010094,Brandon Lewis
Wicked Horror,https://www.rottentomatoes.com/critics/source/3583,Joey Keogh
Willamette Week,https://www.rottentomatoes.com/critics/source/2423,
Winnipeg Free Press,https://www.rottentomatoes.com/critics/source/2405,
Winter is Coming,https://www.rottentomatoes.com/critics/source/100009701,Federica Bocco
Woman in Revolt,https://www.rottentomatoes.com/critics/source/3061,Lindsay Pugh
Women's Media Center,https://www.rottentomatoes.com/critics/source/3774,Carla Hay
Womentainment,https://www.rottentomatoes.com/critics/source/100011394,Karina Adelgaard
Women Write About Comics,https://www.rottentomatoes.com/critics/source/100011537,"Louis Skye (Ronita Roy Mohan), Monita Roy Mohan"
WORLD,https://www.rottentomatoes.com/critics/source/2959,"Collin Garbarino, Laura Finch, Megan Basham, Rebecca Cusey"
World of Reel,https://www.rottentomatoes.com/critics/source/2862,Jordan Ruimy
World Socialist Web Site,https://www.rottentomatoes.com/critics/source/484,"David Walsh, Joanne Laurier, Prairie Miller"
Xtra Magazine,https://www.rottentomatoes.com/critics/source/3651,
Yahoo! Movies,https://www.rottentomatoes.com/critics/source/1987,"Alex Moreland, Hanna Flint, Jordan King, Martin Carr, Thelma Adams, Tom Beasley"
Yahoo! Movies UK,https://www.rottentomatoes.com/critics/source/100009805,"Christopher Connor, David Opie, Freda Cooper"
Zach Pope Reviews,https://www.rottentomatoes.com/critics/source/100009799,Zach Pope
Zippy Frames,https://www.rottentomatoes.com/critics/source/3349,"Amarsanaa Battulga, Olivia Popp, Vassilis Kroustallis"
